,Podo,PEC,Mes,Endo_GC,PT_S1,PT_S2,PT_S3,iPT,Des-Thin_Limb,Ascending_Thin_LOH,C_TAL,M_TAL,Macula_Densa,DCT1,DCT2,CNT,PC,IC_A,IC_B,Endo_Peritubular,Endo_Lymphatic,Fibroblast_1,Fibroblast_2,MyoFib/VSMC,GS_Stromal,Neural_Cells,Mac,CD14_Mono,CD16_Mono,cDC,pDC,Neutrophil,Baso/Mast,CD4T,CD8T,NK,Prolif_Lym,B_Naive,B_memory,Plasma_Cells,RBC
SLC5A10,0.8598452278589854,2.842809364548495,1.3303769401330376,0.7017111904468792,25.049634889120703,39.87739124012113,47.392519012882204,10.844189682126107,13.808237677245106,0.7374631268436578,1.3815953988497125,2.3969388491805645,1.2771084337349397,0.41753653444676403,0.9544787077826725,1.218040162405355,1.432129514321295,1.0501837821618782,2.799505969534788,2.854925439325905,1.9138755980861244,1.6754270696452036,1.0951979780960404,0.25,4.518072289156627,2.503681885125184,0.6001371742112482,0.2748763056624519,0.9447210519596578,5.454545454545454,0.0,0.48192771084337355,0.5305039787798408,0.43819990262224384,0.3195153325864144,0.09651345156231149,0.7936507936507936,0.20475665459127423,2.7027027027027026,0.2631578947368421,2.7777777777777777
CYFIP2,5.116079105760963,13.54515050167224,7.5388026607538805,3.23772005416718,29.834774708079546,34.0940985301721,37.086760825702314,20.250130276185512,23.49763673193788,19.321533923303836,55.02000500125032,83.75568551007147,40.554216867469876,64.30062630480167,32.709251101321584,37.331284977504666,61.84620174346202,30.52284149726202,27.871552079044875,11.586008093575032,10.526315789473683,9.74047306176084,10.193765796124685,9.25,14.60843373493976,12.223858615611192,4.715363511659808,2.638812534359538,8.642920975360653,10.909090909090908,39.84375,5.742971887550201,3.183023872679045,15.01008555331432,11.48180422424167,10.025334781035108,20.634920634920633,7.308237517719326,41.86431329288472,37.10526315789473,10.555555555555555
RELB,7.308684436801376,18.394648829431436,9.977827050997783,6.161516681029176,1.3594912003230475,1.654479651377502,2.405711625019401,16.128191766545076,4.11883862255233,17.551622418879056,7.720680170042511,4.021370298173417,6.457831325301205,4.175365344467641,8.95741556534508,16.021068802809175,9.947073474470734,11.019428399969994,8.892548373816386,9.972836631742336,7.655502392344498,13.370565045992116,5.096882898062343,3.75,10.993975903614457,8.541973490427099,9.276406035665294,6.706981858163827,4.238478233116303,4.242424242424243,21.09375,7.1084337349397595,19.363395225464192,6.705154065521318,3.041619984231711,3.5468693449149478,9.523809523809524,4.032131044258938,12.079426365140652,14.210526315789473,2.7777777777777777
ACAT1,9.37231298366294,13.879598662207357,12.195121951219512,14.138864951372646,38.75895951812094,45.75670285840904,51.032127890734124,16.9254820218864,19.480081026333558,14.15929203539823,15.74143535883971,27.016099920583354,12.819277108433734,18.624326997033293,15.473568281938327,10.78678810490508,14.850560398505605,49.876228339959496,35.529024289831206,12.290038250457343,12.440191387559809,10.939553219448095,14.911541701769165,18.333333333333332,9.713855421686747,7.216494845360824,8.453360768175584,3.7932930181418363,5.630026809651475,7.878787878787878,18.75,6.666666666666667,5.570291777188329,9.188286847047367,6.846757126851736,5.33236819881771,15.079365079365079,5.008662781540401,10.038610038610038,13.421052631578947,18.88888888888889
ARMC7,2.278589853826311,4.1806020066889635,2.4390243902439024,2.0374245968238336,2.019046337113437,2.2601373808996232,2.266025143566661,4.689942678478374,2.9034436191762323,12.831858407079647,10.790197549387347,9.4794599667894,13.325301204819276,4.515987254147896,5.4331864904552125,9.316361242181499,10.943337484433375,15.055134648563499,9.633594071634418,2.7495980930206776,3.349282296650718,1.8396846254927726,2.232518955349621,1.0833333333333335,4.066265060240964,3.2400589101620034,2.2805212620027433,0.4947773501924134,1.1106855610877058,2.4242424242424243,0.78125,1.3654618473895583,2.9177718832891246,1.9266884607358976,1.70131540727831,2.0629750271444083,10.317460317460316,1.1340368561978265,2.2062879205736348,5.263157894736842,0.5555555555555556
PAX8,10.01719690455718,65.21739130434783,15.077605321507761,5.065862366120891,47.006763805229326,49.47928207400842,50.47338196492317,72.82959874934862,42.471303173531396,57.227138643067846,50.46261565391348,60.73207710634612,49.855421686746986,29.062740358202394,44.60352422907489,66.94831559310875,77.38169364881693,52.56169829720201,54.67270481679704,16.070735628360776,15.311004784688995,13.337713534822601,11.583824768323504,9.333333333333334,17.319277108433734,20.765832106038292,4.132373113854595,0.7696536558548653,1.0979190603855482,13.333333333333334,0.78125,1.0040160642570282,0.2652519893899204,4.1246435278569935,2.439935267023528,0.5187598021474243,0.7936507936507936,1.6223027248385573,10.204081632653061,2.8947368421052633,6.111111111111111
ENPEP,81.94325021496131,36.12040133779264,11.751662971175167,2.4990766958020436,53.91526735538581,52.91380456459118,47.50116405401211,40.00521104742053,31.465226198514518,2.8023598820058995,4.732433108277069,3.451014367193704,4.096385542168675,2.318426546533348,3.634361233480176,3.763853835180511,3.7204234122042346,3.6381366739179355,9.798270893371757,11.059371362048893,8.61244019138756,12.28646517739816,7.792754844144903,3.166666666666667,15.135542168674698,13.549337260677467,2.4176954732510287,0.6047278724573941,0.7404570407251373,9.090909090909092,0.0,1.0441767068273093,0.7957559681697612,1.5302218821729152,1.2988090792149052,0.27747617324164553,0.0,0.9922822491730982,9.100937672366245,0.5263157894736842,7.777777777777778
IL1RL1,0.21496130696474636,0.16722408026755853,23.28159645232816,3.305429028683984,0.1211427802268062,0.14772139744441984,0.13192612137203166,0.3543512245961438,0.675219446320054,0.5899705014749262,0.1312828207051763,0.07941664861742835,0.12048192771084339,0.06592682122843643,0.12848751835535976,0.18654669153955886,0.07783312577833125,0.10501837821618784,0.24701523260601072,1.352624868340817,0.4784688995215311,1.478318002628121,8.761583824768323,0.25,0.37650602409638556,0.7363770250368188,0.3429355281207133,0.054975261132490384,0.11489850631941785,0.6060606060606061,0.78125,0.1606425702811245,52.254641909814325,0.43819990262224384,0.17843064027553013,0.09651345156231149,1.5873015873015872,0.031501023783272956,0.7722007722007722,0.7894736842105263,0.5555555555555556
DCN,46.99054170249355,5.183946488294314,7.095343680709535,1.2864705158192786,2.3084429787663625,2.0459413546052145,1.7926431786434889,3.694632621156853,6.482106684672519,1.0324483775811208,2.525631407851963,2.476355497797993,1.4216867469879517,1.054829139654983,1.486784140969163,2.1507736201031493,2.2571606475716064,1.2977271022428924,4.158089748867847,4.251898664005766,2.8708133971291865,24.63863337713535,9.267059814658804,5.75,8.358433734939759,6.480117820324007,1.800411522633745,0.054975261132490384,0.4723605259798289,0.6060606060606061,0.78125,0.8433734939759037,0.0,1.7388885024692218,0.7925640068052617,0.1327059958981783,0.7936507936507936,0.5197668924240038,7.942636514065085,5.7894736842105265,2.7777777777777777
ALDH8A1,1.6766981943250214,3.3444816053511706,2.6607538802660753,0.8679059460790348,21.980684456708282,24.248467390501514,29.062548502250507,8.29598749348619,6.650911546252532,0.5899705014749262,1.8129532383095774,2.425817630495993,2.216867469879518,1.4833534776398198,1.2298091042584436,1.459453527927137,1.9769613947696139,1.0726877203510614,2.2231370934540964,2.156438826985975,0.9569377990430622,1.3633377135348226,1.4743049705139006,0.8333333333333334,2.108433734939759,2.0618556701030926,0.6001371742112482,0.32985156679494226,0.19149751053236308,4.848484848484849,0.0,0.8835341365461846,0.7957559681697612,0.5216665507407665,0.4315531764803519,0.14477017734346725,0.0,0.18900614269963775,1.1031439602868174,1.0526315789473684,3.888888888888889
SLC2A9,4.729148753224419,33.27759197324415,9.75609756097561,6.850917148836637,50.809301073459636,50.180958711869415,50.47338196492317,66.0500260552371,39.39905469277515,3.392330383480826,5.495123780945237,23.095805357013933,3.9518072289156625,1.5053290847159653,3.0286343612334803,4.806320640842752,3.4402241594022414,5.94103968194434,14.862083161794978,17.295858972226842,6.220095693779904,11.97437582128778,6.529064869418702,1.6666666666666667,21.61144578313253,18.556701030927837,8.573388203017833,1.7042330951072018,1.4298480786416443,10.303030303030303,1.5625,2.570281124497992,0.5305039787798408,1.9266884607358976,1.3403045769534006,0.20509108456991193,0.0,1.2442904394392817,9.376723662437948,2.368421052631579,2.7777777777777777
SLC9A3,0.6018916595012898,1.3377926421404682,1.9955654101995564,0.27083589806721653,9.96399367365481,11.241598345520348,11.648300481142325,3.7727983324648253,4.726536124240378,3.2448377581120944,19.461115278819705,39.4845137535196,12.144578313253012,0.9669267113504011,0.8627019089574155,0.823000109733348,0.933997509339975,0.6976220838646763,1.729106628242075,1.5632795609512722,0.4784688995215311,1.0840998685939554,1.0109519797809603,1.4166666666666665,2.033132530120482,0.8836524300441826,0.22290809327846364,0.21990104452996154,0.19149751053236308,3.0303030303030303,0.0,0.040160642570281124,0.0,0.612088752869166,0.2448234366571227,0.12064181445288938,0.7936507936507936,0.06300204756654591,0.2206287920573635,0.2631578947368421,2.7777777777777777
UMOD,2.493551160791058,11.705685618729097,9.75609756097561,5.2012803151544995,7.248376350237237,6.898589260654406,13.549588700915722,4.9504950495049505,12.491559756921,19.616519174041297,61.47161790447612,88.92498736553317,35.975903614457835,8.229864850016481,4.5154185022026425,6.057280807637441,10.429638854296389,4.740829645187908,10.168793742280775,17.312489605853983,18.181818181818183,9.888304862023652,13.352990732940185,14.75,4.743975903614458,2.2091310751104567,8.38477366255144,1.319406267179769,1.4553810800459595,4.242424242424243,2.34375,3.2128514056224895,5.570291777188329,2.9839326702371842,1.9502883937092825,1.0737121486307155,3.1746031746031744,0.47251535674909434,1.765030336458908,1.5789473684210527,10.0
PPARA,12.725709372312984,25.418060200668897,25.942350332594234,4.628831712421519,51.11552310125518,50.89740748947486,49.72062703709452,38.38457529963522,39.33153274814315,14.011799410029498,38.434608652163035,63.258970471446105,24.36144578313253,44.40171409735194,29.698972099853155,27.26873696916493,23.38107098381071,22.15887780361563,30.506381226842322,16.347912855479795,11.961722488038278,16.32720105124836,13.395113732097725,8.833333333333334,17.996987951807228,11.34020618556701,6.104252400548696,0.9345794392523363,2.0043406102387333,12.727272727272727,17.1875,3.132530120481928,1.8567639257294428,3.7629547193433956,2.5436740113697667,1.4597659548799613,1.5873015873015872,1.3072924870058278,11.748483177054606,11.31578947368421,8.333333333333332
AMN,0.9888220120378332,3.511705685618729,1.9955654101995564,1.2495383479010218,29.212235420802905,33.04527660831671,36.79962750271613,11.240229286086503,12.62660364618501,13.864306784660767,2.2818204551137784,0.8374846581474261,4.506024096385542,0.24173167783760027,1.3215859030837005,1.5911335454844726,1.4165628891656288,7.958892806241093,5.14615067929189,2.6830755585121127,0.0,1.4947437582128777,1.0951979780960404,1.3333333333333335,1.5060240963855422,1.6200294550810017,1.0459533607681755,0.4398020890599231,0.37022852036256865,4.242424242424243,12.5,0.9236947791164659,1.0610079575596816,0.862488697224734,0.5643387692435371,0.38605380624924596,0.0,1.6065522129469207,1.3789299503585217,1.0526315789473684,2.7777777777777777
ACTA2,0.8598452278589854,3.678929765886288,18.625277161862527,2.6775821740736183,0.7907931487027626,0.738606987222099,0.8769206891199751,2.4283480979676915,1.2491559756921,2.359882005899705,1.3003250812703175,1.6894087069525665,2.120481927710843,0.15382924953301835,0.5690161527165932,1.1412268188302426,1.7745952677459529,0.7651338984322256,0.5763688760806917,2.0511114806807473,2.8708133971291865,29.7634691195795,45.745577085088456,83.83333333333334,6.77710843373494,5.44918998527246,2.4519890260631003,0.6047278724573941,0.9447210519596578,1.2121212121212122,3.125,0.8835341365461846,0.0,2.768310495931001,1.8755964977799906,1.1219688744118712,7.142857142857142,0.7717750826901874,5.626034197462769,3.1578947368421053,1.6666666666666667
KCNJ15,5.159071367153913,23.745819397993312,9.312638580931264,3.311584390003693,60.382945788605845,60.292488366939956,59.36675461741425,52.24596143824909,44.564483457123565,4.572271386430678,7.970742685671419,12.677784997473108,3.975903614457831,2.2524997253049115,17.951541850220266,31.987270931636125,42.15442092154421,8.739029330132773,17.249897076986414,15.056266977105162,6.698564593301436,11.07095926412615,7.877000842459983,2.9166666666666665,15.135542168674698,13.843888070692195,3.0006858710562416,1.7592083562396923,0.9319545512575004,8.484848484848486,0.0,7.1084337349397595,0.7957559681697612,1.905821798706267,1.6556703597659654,0.38605380624924596,0.0,1.2600409513309183,7.942636514065085,0.7894736842105263,7.222222222222221
PEPD,13.929492691315563,11.036789297658862,10.199556541019955,11.935245598916657,55.20409193390988,60.65440579067878,63.05292565575043,19.24439812402293,22.61985145172181,11.799410029498524,8.145786446611652,11.11833080643997,5.734939759036144,5.186243269970333,7.213656387665199,7.681334357511248,8.748443337484433,13.607381291726053,12.433100041169205,10.43849437330229,14.354066985645932,9.789750328515112,11.710193765796124,12.75,8.810240963855422,7.069219440353461,14.180384087791495,7.31170973062122,7.41733690795353,15.151515151515152,10.15625,10.441767068273093,15.119363395225463,6.34346525700772,5.842566081580149,6.116539992761491,12.698412698412698,4.252638210741849,7.115278543849972,10.263157894736842,16.666666666666664
TNF,0.17196904557179707,0.0,0.22172949002217296,2.911485904222578,0.13460308914089578,0.1698796070610828,0.2095297221791091,0.44815007816571134,1.4179608372721135,5.162241887905605,0.45011252813203295,0.1660529925637138,0.09638554216867469,0.0549390176903637,0.14684287812041116,0.5047734006364534,1.4476961394769614,0.17253019278373716,0.04116920543433512,0.7871833250180165,1.4354066985645932,1.133377135348226,0.7582139848357203,1.0,5.572289156626506,4.270986745213549,15.277777777777779,6.761957119296317,13.12396272181795,11.515151515151516,8.59375,9.718875502008032,4.244031830238726,9.709953397788134,9.261795095232166,6.985161056822295,7.936507936507936,6.914474720428414,2.8130170987313843,35.0,4.444444444444445
EFHD1,6.749785038693035,17.224080267558527,33.70288248337029,2.505232057121753,19.537638388801025,22.58660166925179,26.625795436908273,12.991141219385097,18.838622552329507,39.08554572271387,62.15928982245561,67.55468919211609,64.26506024096386,56.587188221074605,31.95668135095448,17.173268956435862,17.5747198007472,55.05213412347161,50.43227665706051,8.653473030655801,3.349282296650718,12.894218134034166,22.40943555181129,25.166666666666664,13.102409638554215,7.952871870397643,1.6289437585733881,0.5497526113249038,0.8425890463423975,4.242424242424243,0.78125,0.642570281124498,0.5305039787798408,2.2466439451902342,1.4232955724303913,0.6635299794908915,0.0,0.48826586864073085,2.647545504688362,0.7894736842105263,9.444444444444445
SOST,28.804815133276012,1.3377926421404682,0.4434589800443459,29.317985965776188,0.3129521822525827,0.4505502622054805,0.4190594443582182,0.11464304325169358,0.8777852802160702,0.2949852507374631,0.18129532383095773,0.20937116453685653,0.21686746987951808,0.1098780353807274,0.09177679882525697,0.17557335674311425,0.1556662515566625,0.18003150551346486,0.20584602717167558,2.7662287266478187,0.4784688995215311,0.164257555847569,0.6318449873631002,0.75,0.37650602409638556,0.14727540500736377,0.15432098765432098,0.2748763056624519,0.24256351334099321,4.848484848484849,0.0,0.48192771084337355,0.0,0.11128886415803019,0.2448234366571227,0.1688985402340451,0.0,0.20475665459127423,0.1654715940430226,0.0,0.5555555555555556
SLC17A3,2.3215821152192606,5.68561872909699,5.321507760532151,2.0928228487012186,45.38479658108154,43.58519831597607,33.765326711159396,26.831683168316832,24.983119513842,1.7699115044247788,2.838209552388097,0.8952422207782832,2.626506024096386,1.648170530710911,2.734948604992658,2.951827060243608,3.1911581569115817,2.370414822593954,8.974886784685056,8.004878319197296,4.30622009569378,4.7963206307490145,3.580454928390901,1.25,5.873493975903615,6.480117820324007,1.1659807956104253,0.38482682792743267,0.3574620196604111,5.454545454545454,0.0,0.5622489959839357,0.2652519893899204,0.73728872504695,0.6763766131374747,0.21715526601520088,0.0,0.40951330918254847,3.3645890788747934,1.3157894736842104,1.6666666666666667
ALDOB,4.213241616509028,4.3478260869565215,7.760532150776053,10.679551889695924,79.20045765050307,80.84792082133096,74.26664597237311,7.582073996873372,40.98582039162728,2.0648967551622417,4.857464366091523,3.898635477582846,3.5180722891566263,1.8019997802439292,3.2305433186490458,3.017667069022276,2.73972602739726,5.010876903458105,5.393165911897901,12.306668884084484,2.3923444976076556,6.241787122207622,5.096882898062343,2.75,4.743975903614458,3.3873343151693667,5.744170096021948,1.9241341396371632,2.106472615855994,16.363636363636363,1.5625,13.614457831325302,2.122015915119363,5.077554427210127,4.406821859828209,3.776088792375437,2.380952380952381,1.480548117813829,1.8201875344732488,2.1052631578947367,47.77777777777778
MME,92.60533104041274,9.866220735785953,8.647450110864744,3.293118306044565,69.51913046404415,64.8792377575892,54.14403228309793,18.36894215737363,43.6866981769075,3.687315634218289,4.451112778194548,3.227203811999134,4.36144578313253,2.1755851005384024,3.267254038179148,4.169867222648963,3.300124533001245,4.14822593953942,13.050638122684234,14.524086701036643,8.133971291866029,10.036136662286467,5.855096882898062,2.083333333333333,13.328313253012048,10.1620029455081,2.1262002743484225,1.0995052226498077,0.8936550491510277,12.121212121212121,0.0,10.0,0.7957559681697612,1.3771996939556235,1.4523424208473381,0.4825672578115575,0.0,0.6930225232320051,7.280750137892995,3.9473684210526314,6.666666666666667
LGALS2,1.2897678417884781,1.839464882943144,0.8869179600886918,1.8896959251508063,33.14937577817411,32.727675603811214,31.041440322830983,5.80510682647212,9.081701553004727,1.1799410029498525,0.6251562890722681,0.2526893365099993,0.5783132530120482,0.24173167783760027,0.34875183553597655,0.5925600790080106,0.37359900373599003,0.5926037056484885,0.6175380815150268,1.3027329674593935,0.0,1.5932982917214191,1.6427969671440605,0.6666666666666667,3.1626506024096384,2.503681885125184,17.00960219478738,41.066520065970316,8.642920975360653,22.424242424242426,0.78125,23.49397590361446,1.0610079575596816,0.9181331293037491,0.8050126561268103,0.4463747134756907,0.7936507936507936,0.29925972594109307,0.9928295642581356,0.7894736842105263,7.777777777777778
BDH2,11.607910576096304,9.866220735785953,9.090909090909092,8.906807829619598,33.6440421307669,39.1609424625157,42.61989756324694,11.22459614382491,13.943281566509116,20.64896755162242,10.502625656414104,12.172406324453108,8.53012048192771,5.724645643335897,8.480176211453745,7.077800943706793,8.14134495641345,15.512714725076886,8.4396871140387,7.483785132213537,4.784688995215311,8.344283837056505,10.572872788542544,10.916666666666666,3.7650602409638556,4.123711340206185,3.4293552812071333,1.0445299615173174,1.276650070215754,6.666666666666667,5.46875,3.092369477911647,4.244031830238726,3.7559991653335185,3.4482758620689653,3.643382796477259,7.142857142857142,1.5435501653803747,4.853833425261997,6.315789473684211,10.0
FN1,1.934651762682717,3.0100334448160537,34.811529933481154,16.06549304444171,0.5552377427061951,0.42100598271659645,0.6751513270215738,2.42313705054716,2.6671168129642133,1.4749262536873156,2.506876719179795,5.190960941448271,1.566265060240964,0.9559389078123284,1.0462555066079295,1.1631734884231317,1.5099626400996264,0.630110269297127,1.1527377521613833,19.252730195687125,11.483253588516746,18.331143232588698,20.68239258635215,33.5,8.509036144578314,8.100147275405007,3.20644718792867,1.0995052226498077,1.1106855610877058,4.848484848484849,2.34375,2.4096385542168677,0.7957559681697612,1.7388885024692218,0.8174613054483588,0.30160453613222343,0.7936507936507936,0.8032761064734604,4.522890237175951,6.315789473684211,0.5555555555555556
BICC1,10.361134995700775,85.11705685618729,27.716186252771617,5.275144650991013,50.68479321600431,51.15591993500258,53.46888095607636,85.77905158936946,53.37609723160027,56.04719764011799,74.41235308827207,85.86383654609774,70.09638554216868,84.34237995824635,74.22907488986785,74.86008998134534,76.74346201743461,37.30402820493586,49.93824619184849,25.60008869671268,20.095693779904305,49.589356110381075,22.62005054759899,17.416666666666668,27.40963855421687,29.896907216494846,5.864197530864197,0.6597031335898845,1.8639091025150007,13.333333333333334,0.78125,0.8433734939759037,0.7957559681697612,6.176531960770675,3.4441263122951162,0.8324285197249367,1.5873015873015872,2.535832414553473,17.484831770546055,3.1578947368421053,10.0
ICAM1,1.2037833190025795,2.842809364548495,1.7738359201773837,12.81546226763511,0.8244439209879866,0.7090627077332151,0.6906720471829892,5.148514851485149,1.1816340310600946,3.8348082595870205,0.7251812953238309,0.9385603927514259,0.40963855421686746,0.3076584990660367,0.5139500734214391,0.9327334576977944,0.5603985056039851,0.9526667166754182,0.6175380815150268,9.800986750928544,4.30622009569378,5.305519053876479,2.1061499578770007,1.4166666666666665,6.551204819277108,4.270986745213549,16.598079561042525,21.165475536008795,9.459977020298735,7.878787878787878,34.375,19.879518072289155,23.342175066312997,4.7993322668150515,2.4357857172496784,3.462420074797925,4.761904761904762,3.181603402110569,3.861003861003861,12.368421052631579,3.3333333333333335
HAVCR1,1.3757523645743766,9.364548494983277,1.3303769401330376,0.29545734334605445,1.5479355251203015,2.2896816603885073,6.650628589166538,27.78009379885357,2.700877785280216,2.949852507374631,2.413103275818955,0.8663634394628547,1.1566265060240963,0.3516097132183277,0.8627019089574155,0.9985734664764622,0.28019925280199254,0.352561698297202,1.029230135858378,1.097621819391319,0.0,1.7082785808147174,0.8845829823083403,0.4166666666666667,4.593373493975903,4.712812960235641,0.7716049382716049,0.054975261132490384,0.07659900421294523,0.6060606060606061,0.0,0.1606425702811245,0.5305039787798408,0.8207553731654725,0.3693099298726088,0.21715526601520088,0.0,0.362261773507639,4.4125758411472695,0.7894736842105263,0.5555555555555556
TDGF1,0.17196904557179707,0.0,0.22172949002217296,0.7571094423242645,0.0605713901134031,0.08863283846665189,0.14744684153344714,0.07295466388744137,0.1350438892640108,2.949852507374631,1.5441360340085022,4.887733737636272,0.9638554216867471,0.3406219096802549,0.11013215859030838,0.14265335235378032,0.21793275217932753,2.5504463281074186,0.2881844380403458,0.2439159598647375,0.0,0.1478318002628121,0.21061499578770007,0.25,1.2048192771084338,0.4418262150220913,0.017146776406035662,0.0,0.051066002808630155,0.0,0.0,0.0,0.0,0.11824441816790708,0.04979459728619445,0.036192544335866814,0.0,0.0,0.2206287920573635,0.2631578947368421,0.0
TM7SF3,21.625107480653483,26.421404682274247,16.186252771618626,9.694694078542412,38.51330888043881,39.58194844523229,39.12773552692845,34.92965085982283,21.201890614449695,13.421828908554573,15.660165041260315,23.911630929174787,12.795180722891567,13.789693440281287,11.71071953010279,16.690442225392296,23.30323785803238,13.47985897532068,13.297653355290242,14.712567215477575,15.311004784688995,11.645860709592641,9.435551811288963,8.25,12.801204819277109,7.511045655375552,11.711248285322359,2.8587135788894997,3.8299502106472616,11.515151515151516,13.28125,5.622489959839357,3.978779840848806,5.515754329832371,4.095605626789493,4.88599348534202,15.873015873015872,3.0871003307607494,14.396028681742967,8.421052631578947,5.0
CD24,5.588993981083405,23.745819397993312,11.973392461197339,5.392096516065493,18.390147053874887,16.825467168919417,22.27223343163123,26.83689421573736,30.65496286293045,60.32448377581121,37.42810702675669,54.8913435853007,31.59036144578313,28.139764861004284,39.794419970631424,41.02929880390651,56.89601494396015,53.17680594103968,25.03087690407575,15.117245967071346,9.090909090909092,14.471090670170828,15.248525695029485,10.666666666666668,16.340361445783135,17.083946980854197,6.772976680384088,0.8796041781198461,1.825609600408528,1.2121212121212122,12.5,3.815261044176707,5.835543766578249,5.828754260276831,3.390182165235072,1.5442152249969838,3.968253968253968,21.263191053709246,21.125206839492552,40.26315789473684,10.0
VCAM1,3.697334479793637,31.93979933110368,12.416851441241686,5.989166564077311,8.483359693104957,8.686018169731884,7.442185317398728,30.625325690463782,9.25050641458474,4.71976401179941,2.1630407601900474,0.9890982600534257,1.855421686746988,0.549390176903637,1.5418502202643172,2.3263469768462635,1.4476961394769614,1.387742854999625,4.405104981473857,16.80802705249737,4.784688995215311,10.21681997371879,6.529064869418702,2.5,14.006024096385541,14.432989690721648,3.8237311385459534,0.38482682792743267,0.42129452317119875,1.2121212121212122,0.78125,0.6827309236947792,0.7957559681697612,2.1423106350420813,1.5726793642889747,0.3619254433586681,2.380952380952381,0.8820286659316428,17.20904578047435,4.473684210526316,1.1111111111111112
VIM,56.663800515907134,26.588628762541806,19.733924611973393,32.40182198695064,3.479489854292156,4.697540438732551,9.615086139996896,16.675351745700887,8.676569885212695,12.24188790560472,4.232308077019255,3.2344235073279908,2.2650602409638556,0.40654873090869137,2.000734214390602,3.6212004828267306,4.420921544209215,1.8978321206211086,2.140798682585426,19.668496036365653,22.48803827751196,30.33837056504599,47.893850042123,61.5,26.35542168674699,21.502209131075112,44.10150891632373,74.38152831225948,62.60691944338057,52.121212121212125,86.71875,68.07228915662651,87.0026525198939,42.1019684217848,29.797916926013528,16.093618048015443,82.53968253968253,19.420381162387777,18.53281853281853,51.84210526315789,12.222222222222221
HOXA9,29.750644883920895,11.872909698996656,7.317073170731707,1.4465099101317247,10.431739408419423,9.498485855676195,8.53639608877852,10.458572173006775,6.2795408507765025,6.932153392330384,8.070767691922981,9.905421991191972,6.602409638554217,3.8017800241731683,10.66446402349486,9.755294634039284,6.911581569115816,8.318955817268021,4.981473857554549,2.428072509562614,0.9569377990430622,3.4329829172141917,3.327716933445661,4.75,1.8072289156626504,2.6509572901325478,1.6803840877914953,0.38482682792743267,0.2680965147453083,1.8181818181818181,0.0,0.28112449799196787,1.0610079575596816,0.5564443207901509,0.5145441719573427,0.43431053203040176,0.0,0.17325563080800127,1.5444015444015444,0.5263157894736842,1.6666666666666667
RGL3,3.3963886500429927,21.906354515050168,38.58093126385809,5.8537486150437035,10.122152303395362,10.562079917276018,11.749185162191527,25.101615424700363,17.5219446320054,33.48082595870206,52.61315328832208,57.89473684210527,47.397590361445786,61.59762663443578,49.55947136563877,52.825633710084496,60.30510585305105,44.512789738204184,49.279538904899134,13.032873219136315,9.090909090909092,7.917214191852826,12.342038753159224,10.833333333333334,13.855421686746988,9.72017673048601,1.6975308641975309,0.16492578339747113,0.6766245372143496,3.6363636363636362,0.0,0.321285140562249,0.5305039787798408,2.0518884329136817,1.236565832607162,0.43431053203040176,0.7936507936507936,0.6142699637738227,2.4269167126309985,1.8421052631578945,6.111111111111111
COL1A1,1.6766981943250214,3.177257525083612,10.199556541019955,0.276991259386926,0.15815862974055253,0.22896816603885073,0.2560918826633556,3.0901511203751957,0.9453072248480756,2.2123893805309733,1.2815703925981496,1.7543859649122806,0.43373493975903615,0.1977804636853093,1.2114537444933922,2.8859870514649404,4.685554171855542,1.080189033080789,0.7410456978180321,0.7760962359332557,0.9569377990430622,16.93495400788436,13.226621735467564,15.916666666666668,2.9367469879518073,1.914580265095729,0.7544581618655692,0.10995052226498077,0.2680965147453083,0.0,2.34375,0.4016064257028112,0.0,1.349377477916116,0.38175857919415745,0.09651345156231149,0.7936507936507936,0.34651126161600254,3.309431880860452,4.473684210526316,0.5555555555555556
JUN,27.085124677558042,37.12374581939799,6.873614190687362,45.875907915794656,5.279806171551637,4.756628997710318,8.32686636659941,17.118290776446067,15.361242403781228,44.985250737463126,16.010252563140785,28.69828893220706,10.385542168674698,3.3512800791121857,14.776064610866374,15.340722045429606,31.413449564134492,34.37101492761233,21.902017291066283,27.922833859970066,12.918660287081341,27.496714848883048,32.98230834035383,43.583333333333336,23.41867469879518,21.502209131075112,58.72770919067215,33.31500824628917,66.21983914209115,51.515151515151516,60.9375,39.11646586345381,89.12466843501326,66.93329623704528,63.87816921863978,63.1439256846423,66.66666666666666,62.71853835249645,12.906784335355765,66.3157894736842,25.0
DPEP1,2.493551160791058,5.68561872909699,1.9955654101995564,1.5573064138864952,53.6729817949322,47.62537853608095,36.95483470433028,18.49400729546639,24.274139095205943,1.4749262536873156,1.6941735433858467,0.33932568045628475,1.3734939759036144,0.6263048016701461,1.339941262848752,1.185120158016021,1.1207970112079702,1.4252494186482634,4.610951008645533,4.645490326514774,0.4784688995215311,5.321944809461235,2.0219039595619206,1.1666666666666667,3.6897590361445785,3.2400589101620034,1.5603566529492456,0.6597031335898845,0.4340610238733563,7.878787878787878,0.78125,1.2048192771084338,1.8567639257294428,0.8137998191555957,0.7718162579360139,0.42224635058511284,0.0,0.40951330918254847,1.8753447324875896,0.2631578947368421,3.888888888888889
TCN2,1.633705932932072,3.511705685618729,1.5521064301552108,7.823464237350733,13.258404280378237,11.950661053253564,11.981995964612759,4.439812402292861,4.827819041188386,4.867256637168142,2.5006251562890722,4.071908165475417,2.3855421686746987,1.6591583342489835,2.881791483113069,2.29342697245693,2.428393524283935,1.2527192258645263,1.440922190201729,6.419424580076501,2.3923444976076556,1.7904073587385019,1.8534119629317607,1.25,3.6897590361445785,1.0309278350515463,2.8463648834019204,3.0786146234194613,2.8596961572832886,2.4242424242424243,0.0,4.056224899598393,2.122015915119363,0.5216665507407665,0.3361135316818125,0.19302690312462298,0.0,0.12600409513309183,1.26861555432984,0.5263157894736842,2.2222222222222223
OCIAD2,11.650902837489252,7.6923076923076925,2.4390243902439024,13.258648282654192,36.558199010667295,39.175714602260136,42.12323451808164,17.488275143303806,12.491559756921,30.53097345132743,7.301825456364091,5.847953216374268,7.036144578313253,3.6259751675640035,10.756240822320118,8.39460111928015,8.328144458281445,13.892431175455705,7.8633182379580076,4.656577415599535,2.3923444976076556,2.9730617608409986,3.074978938500421,3.3333333333333335,5.798192771084337,7.069219440353461,5.555555555555555,1.4293567894447499,1.0340865568747606,11.515151515151516,21.875,3.172690763052209,10.344827586206897,19.50337344369479,12.876052948255115,9.361804801544215,30.952380952380953,14.096708143014647,7.66685052399338,22.63157894736842,10.0
SOX9,0.6448839208942391,2.6755852842809364,0.4434589800443459,0.1661947556321556,1.9584749470000336,2.6220548046384518,2.9954989911531897,9.140177175612298,2.633355840648211,16.07669616519174,2.1192798199549885,1.8410223088585662,1.036144578313253,0.4395121415229096,2.276064610866373,3.072533743004499,1.1363636363636365,0.9226614657565074,2.6348291477974475,0.8537058595265813,0.4784688995215311,1.297634691195795,0.5897219882055602,0.8333333333333334,2.2590361445783134,2.0618556701030926,0.5486968449931412,0.054975261132490384,0.08936550491510277,1.2121212121212122,0.0,0.28112449799196787,0.5305039787798408,0.4660221186617514,0.2531225362048218,0.036192544335866814,0.0,0.17325563080800127,2.0408163265306123,0.7894736842105263,0.5555555555555556
TWIST1,0.0,0.16722408026755853,3.1042128603104215,0.036932167918256806,0.08749200794158227,0.06647462884998892,0.10864504112990843,0.1771756122980719,0.1012829169480081,0.2949852507374631,0.1000250062515629,0.09385603927514259,0.07228915662650602,0.04395121415229096,0.05506607929515419,0.3401733786897838,0.48256537982565384,0.14252494186482634,0.20584602717167558,0.11641443538998836,0.4784688995215311,1.6590013140604467,1.5164279696714407,2.166666666666667,2.2590361445783134,2.6509572901325478,0.29149519890260633,0.0,0.051066002808630155,0.0,0.0,0.0,0.0,0.09737775613827641,0.03734594796464584,0.024128362890577872,0.7936507936507936,0.0,0.6067291781577496,0.0,0.0
SNAI1,0.3009458297506449,0.16722408026755853,0.0,3.6932167918256797,0.0639364673419255,0.0812467685944309,0.054322520564954214,0.09379885356956748,0.4388926401080351,0.8849557522123894,0.0937734433608402,0.07219695328857123,0.024096385542168672,0.01098780353807274,0.05506607929515419,0.10973334796444639,0.10896637608966377,0.15002625459455404,0.24701523260601072,2.339375796884528,0.4784688995215311,1.1662286465177398,0.7160909856781803,1.0,1.5813253012048192,1.3254786450662739,6.807270233196159,4.672897196261682,3.4724881909868506,6.0606060606060606,18.75,8.875502008032129,1.8567639257294428,1.8710440286568826,1.1867712353209678,0.7721076124984919,3.968253968253968,1.023783272956371,0.4964147821290678,12.631578947368421,0.5555555555555556
BCAM,60.533104041272566,25.75250836120401,15.521064301552107,23.753539332758834,6.656122758017297,6.03441908560455,8.427751047648611,10.760812923397603,12.322754895340985,50.442477876106196,18.27956989247312,34.54624214858133,13.08433734939759,9.768157345346665,22.430249632892803,20.179962690661693,26.307596513075964,23.47910884404771,15.644298065047343,12.849936249237762,6.220095693779904,9.034165571616294,32.39258635214827,45.5,6.25,5.44918998527246,2.400548696844993,0.38482682792743267,0.8298225456402399,6.666666666666667,0.78125,0.5220883534136547,1.5915119363395225,1.2659108297975934,0.8548072534130046,0.42224635058511284,0.0,0.5512679162072767,1.8201875344732488,1.3157894736842104,3.888888888888889
CRB2,38.3061049011178,11.036789297658862,1.1086474501108647,0.09848578111535149,0.2490157149106572,0.22158209616662972,0.3181747633090175,1.0109431995831162,0.8777852802160702,0.4424778761061947,0.2688172043010753,0.3826438524294275,0.21686746987951808,0.20876826722338201,0.18355359765051393,0.19752002633600352,0.2957658779576588,0.23254069462155877,0.2881844380403458,0.39913520705138866,0.4784688995215311,0.4434954007884363,0.2948609941027801,0.08333333333333334,1.5060240963855422,0.8836524300441826,0.08573388203017833,0.0,0.025533001404315078,0.0,0.0,0.040160642570281124,0.0,0.06259998608889199,0.024897298643097227,0.012064181445288936,0.0,0.11025358324145534,0.27578599007170435,0.5263157894736842,0.0
CCL2,1.0318142734307825,4.849498327759197,2.4390243902439024,4.844269358611351,0.5787932833058519,0.4357781224610385,0.5509855657302499,3.1370505471599794,1.5192437542201216,14.011799410029498,0.9377344336084021,1.2562269872211393,0.6506024096385542,0.12086583891880014,0.3303964757709251,0.9766267968835729,0.7316313823163137,0.27754857099992497,0.2881844380403458,3.2651477354620546,0.9569377990430622,8.853482260183968,5.307497893850042,4.75,1.8825301204819278,2.0618556701030926,6.2414266117969825,0.6047278724573941,0.4723605259798289,0.0,1.5625,1.4457831325301205,3.183023872679045,0.7442442790568269,0.35686128055106026,0.3498612619133792,1.5873015873015872,0.20475665459127423,1.8201875344732488,1.5789473684210527,0.0
CUBN,8.899398108340499,21.73913043478261,20.84257206208426,9.189954450326235,82.51169364336911,82.05185021050299,80.78534844016762,44.273058884835855,75.89466576637408,6.784660766961652,13.040760190047513,16.63417803768681,9.686746987951807,6.142182177782661,8.516886930983848,9.64556128607484,9.666874221668742,9.331633035781262,26.677645121449157,30.129164587837465,25.358851674641148,19.87516425755585,14.406065711878686,7.583333333333334,17.69578313253012,16.200294550810014,5.41838134430727,1.4843320505772404,1.8128430997063703,15.151515151515152,0.78125,3.0120481927710845,3.4482758620689653,3.2899770466717673,3.1412091788040994,0.7238508867173362,0.0,1.9215624507796503,6.618863761720904,4.2105263157894735,16.11111111111111
FOS,27.300085984522788,27.759197324414714,16.62971175166297,29.53342361196602,6.259043645051654,5.546938474037964,8.342387086760827,8.582595101615425,25.320729237002027,41.740412979351035,11.815453863465866,17.572738430438235,10.361445783132531,2.692011866827821,18.777533039647576,25.94096345879513,64.04109589041096,27.252269147100744,20.543433511733223,28.942846055768058,13.875598086124402,35.8245729303548,32.26621735467565,46.666666666666664,26.430722891566266,24.153166421207658,65.38065843621399,83.23254535459044,72.93501851142602,67.27272727272727,84.375,88.99598393574297,82.75862068965517,61.43840856924254,53.69932362338686,55.664133188563156,61.904761904761905,43.32965821389195,13.513513513513514,67.89473684210526,23.88888888888889
ACSF2,3.826311263972485,17.224080267558527,11.529933481152993,3.299273667364274,52.48510953326379,54.339316049929835,52.81701070929691,25.951016154247004,34.33490884537475,2.949852507374631,9.433608402100525,11.046133853151396,6.578313253012048,5.351060323041424,6.167400881057269,6.123120816416109,7.752179327521794,5.2884254744580295,13.585837793330588,12.8111314374411,7.655502392344498,7.835085413929041,6.613310867733782,3.5000000000000004,9.33734939759036,4.565537555228277,6.05281207133059,0.8796041781198461,2.2086046214732544,9.696969696969697,3.90625,1.7670682730923692,0.7957559681697612,1.4606663420741461,1.4481928710734886,0.8203643382796477,0.7936507936507936,1.3387935107891007,5.4605626034197465,5.0,4.444444444444445
SHMT1,2.751504729148753,26.421404682274247,4.434589800443459,3.4593130616767205,44.890130228488744,48.563409409853016,50.380257643954685,29.39030745179781,22.14719783929777,10.029498525073747,8.77094273568392,23.225759872933363,5.445783132530121,2.637072849137457,7.415565345080763,10.391748052233075,12.858032378580322,4.590803390593353,8.727871552079044,7.999334774654915,7.177033492822966,5.716162943495401,5.139005897219882,2.4166666666666665,8.358433734939759,4.270986745213549,7.3559670781893,1.2644310060472788,1.8639091025150007,6.0606060606060606,0.78125,3.2128514056224895,1.0610079575596816,2.4900883355359253,1.7718577534337525,1.4597659548799613,10.317460317460316,1.3387935107891007,3.6955322669608384,3.1578947368421053,8.88888888888889
AOC1,0.6878761822871883,0.5016722408026756,0.0,0.7140219130862981,13.995356193424637,15.001107910480831,12.835635573490611,1.5112037519541428,4.4564483457123565,13.126843657817108,1.5191297824456114,0.6425528842682839,3.662650602409639,1.384463245797165,2.5330396475770924,4.433227257763634,10.367372353673723,0.6601155202160378,0.5351996706463565,1.2639281556627306,0.0,0.9198423127463863,0.8845829823083403,1.3333333333333335,3.087349397590361,1.6200294550810017,1.02880658436214,0.4398020890599231,0.165964509128048,2.4242424242424243,0.0,0.8032128514056224,0.2652519893899204,0.3964665785629825,0.3693099298726088,0.1688985402340451,0.0,0.1417546070247283,0.882515168229454,0.2631578947368421,1.6666666666666667
HNF4A,2.1496130696474633,9.364548494983277,3.9911308203991127,1.2741597931798596,39.65743513813642,41.893788315237465,41.432562470898645,17.46743095362168,17.690749493585415,0.8849557522123894,1.6629157289322332,1.465598151757996,1.4698795180722892,0.6263048016701461,1.2114537444933922,1.887413584988478,1.9613947696139475,1.5227664841347235,4.816797035817209,5.166583513498531,4.30622009569378,3.3837056504599214,2.569502948609941,0.75,6.400602409638554,2.798232695139912,0.8916323731138546,0.4947773501924134,0.20426401123452062,5.454545454545454,0.0,0.4417670682730923,0.7957559681697612,0.41733324059261323,0.4854973235403959,0.14477017734346725,0.0,0.29925972594109307,1.9305019305019304,0.5263157894736842,5.555555555555555
PROM1,2.0206362854686155,44.314381270903006,6.873614190687362,1.50190816200911,1.8474273984587946,2.0533274244774353,6.208288064566196,42.897342365815526,7.157326130992573,40.26548672566372,23.962240560140035,24.11378239838279,18.602409638554217,1.3185364245687285,10.554331864904553,28.124657083287612,31.63138231631382,2.145375440702123,3.869905310827501,5.027994899939021,4.784688995215311,6.865965834428383,4.844144903117102,2.25,15.88855421686747,14.285714285714285,2.091906721536351,0.10995052226498077,0.4340610238733563,0.0,1.5625,0.3614457831325301,2.3872679045092835,1.9962440008346665,0.9834432964023403,0.1688985402340451,0.0,0.9135296897149158,8.935466078323222,2.631578947368421,2.7777777777777777
ACY1,2.4505588993981084,4.013377926421405,1.7738359201773837,3.533177397513234,39.04835615977387,47.62537853608095,61.26028247710694,7.102657634184471,15.935178933153274,5.457227138643068,3.0695173793448363,4.9021731282939855,1.6626506024096384,1.395451049335238,2.23935389133627,2.348293646439153,2.5062266500622665,4.7183257069987246,5.393165911897901,3.7252619324796274,0.9569377990430622,3.088042049934297,4.549283909014322,3.4166666666666665,2.4096385542168677,2.3564064801178204,3.2235939643347047,0.9895547003848268,0.8808885484488702,7.2727272727272725,3.125,2.8112449799196786,2.6525198938992043,1.5510885442025457,1.751110004564505,1.9061406683556519,4.761904761904762,1.055284296739644,2.0408163265306123,4.736842105263158,15.0
