sample,celltype,n,frac,group
HK1584,B_Naive,5,0.0014806040864672786,DKD
HK1584,CD14_Mono,1,0.0002961208172934557,DKD
HK1584,CD16_Mono,1268,0.37548119632810184,DKD
HK1584,CD4T,146,0.04323363932484454,DKD
HK1584,CD8T,1331,0.3941368078175896,DKD
HK1584,CNT,12,0.0035534498075214687,DKD
HK1584,C_TAL,21,0.00621853716316257,DKD
HK1584,DCT1,40,0.011844832691738229,DKD
HK1584,DCT2,39,0.011548711874444773,DKD
HK1584,Des-Thin_Limb,1,0.0002961208172934557,DKD
HK1584,Endo_GC,13,0.0038495706248149247,DKD
HK1584,Endo_Peritubular,12,0.0035534498075214687,DKD
HK1584,GS_Stromal,14,0.00414569144210838,DKD
HK1584,IC_A,88,0.026058631921824105,DKD
HK1584,IC_B,13,0.0038495706248149247,DKD
HK1584,M_TAL,6,0.0017767249037607344,DKD
HK1584,Mac,14,0.00414569144210838,DKD
HK1584,Macula_Densa,2,0.0005922416345869114,DKD
HK1584,NK,312,0.09238969499555819,DKD
HK1584,Neural_Cells,4,0.0011844832691738228,DKD
HK1584,Neutrophil,2,0.0005922416345869114,DKD
HK1584,PC,4,0.0011844832691738228,DKD
HK1584,PT_S2,1,0.0002961208172934557,DKD
HK1584,PT_S3,1,0.0002961208172934557,DKD
HK1584,Prolif_Lym,19,0.005626295528575659,DKD
HK1584,RBC,6,0.0017767249037607344,DKD
HK1584,iPT,2,0.0005922416345869114,DKD
HK1585,Ascending_Thin_LOH,34,0.014049586776859505,Control
HK1585,CD14_Mono,217,0.0896694214876033,Control
HK1585,CD16_Mono,407,0.16818181818181818,Control
HK1585,CD4T,59,0.024380165289256198,Control
HK1585,CD8T,402,0.16611570247933885,Control
HK1585,CNT,112,0.04628099173553719,Control
HK1585,C_TAL,21,0.008677685950413223,Control
HK1585,DCT1,23,0.009504132231404958,Control
HK1585,DCT2,139,0.05743801652892562,Control
HK1585,Des-Thin_Limb,1,0.00041322314049586776,Control
HK1585,Endo_GC,83,0.03429752066115702,Control
HK1585,Endo_Peritubular,28,0.011570247933884297,Control
HK1585,Fibroblast_2,1,0.00041322314049586776,Control
HK1585,GS_Stromal,2,0.0008264462809917355,Control
HK1585,IC_A,439,0.18140495867768594,Control
HK1585,IC_B,10,0.004132231404958678,Control
HK1585,M_TAL,1,0.00041322314049586776,Control
HK1585,Mac,39,0.016115702479338842,Control
HK1585,Macula_Densa,10,0.004132231404958678,Control
HK1585,MyoFib/VSMC,13,0.005371900826446281,Control
HK1585,NK,208,0.0859504132231405,Control
HK1585,Neutrophil,28,0.011570247933884297,Control
HK1585,PC,126,0.05206611570247934,Control
HK1585,PEC,1,0.00041322314049586776,Control
HK1585,PT_S1,3,0.0012396694214876034,Control
HK1585,Prolif_Lym,11,0.004545454545454545,Control
HK1585,iPT,2,0.0008264462809917355,Control
HK1588,B_Naive,1,0.0002463661000246366,Control
HK1588,CD16_Mono,235,0.057896033505789604,Control
HK1588,CD4T,555,0.1367331855136733,Control
HK1588,CD8T,1761,0.43385070214338506,Control
HK1588,CNT,13,0.003202759300320276,Control
HK1588,C_TAL,5,0.001231830500123183,Control
HK1588,DCT1,9,0.0022172949002217295,Control
HK1588,DCT2,61,0.015028332101502834,Control
HK1588,Des-Thin_Limb,5,0.001231830500123183,Control
HK1588,Endo_GC,31,0.007637349100763735,Control
HK1588,Endo_Peritubular,16,0.003941857600394186,Control
HK1588,GS_Stromal,1,0.0002463661000246366,Control
HK1588,IC_A,646,0.15915250061591524,Control
HK1588,IC_B,3,0.0007390983000739098,Control
HK1588,M_TAL,6,0.0014781966001478197,Control
HK1588,Mac,20,0.004927322000492732,Control
HK1588,Macula_Densa,1,0.0002463661000246366,Control
HK1588,NK,659,0.16235525991623553,Control
HK1588,Neural_Cells,8,0.001970928800197093,Control
HK1588,Neutrophil,6,0.0014781966001478197,Control
HK1588,PC,2,0.0004927322000492732,Control
HK1588,PEC,2,0.0004927322000492732,Control
HK1588,Prolif_Lym,12,0.0029563932002956393,Control
HK1588,iPT,1,0.0002463661000246366,Control
HK1593,B_Naive,22,0.010607521697203472,HKD
HK1593,CD14_Mono,28,0.013500482160077145,HKD
HK1593,CD16_Mono,136,0.06557377049180328,HKD
HK1593,CD4T,274,0.13211186113789777,HKD
HK1593,CD8T,565,0.27242044358727097,HKD
HK1593,C_TAL,6,0.0028929604628736743,HKD
HK1593,DCT1,10,0.0048216007714561235,HKD
HK1593,DCT2,10,0.0048216007714561235,HKD
HK1593,Endo_GC,46,0.022179363548698167,HKD
HK1593,Endo_Peritubular,6,0.0028929604628736743,HKD
HK1593,Fibroblast_1,3,0.0014464802314368371,HKD
HK1593,IC_A,454,0.218900675024108,HKD
HK1593,IC_B,10,0.0048216007714561235,HKD
HK1593,M_TAL,6,0.0028929604628736743,HKD
HK1593,Mac,33,0.01591128254580521,HKD
HK1593,MyoFib/VSMC,7,0.0033751205400192863,HKD
HK1593,NK,423,0.20395371263259401,HKD
HK1593,Neural_Cells,3,0.0014464802314368371,HKD
HK1593,Neutrophil,19,0.009161041465766635,HKD
HK1593,PT_S1,3,0.0014464802314368371,HKD
HK1593,PT_S2,1,0.00048216007714561236,HKD
HK1593,PT_S3,3,0.0014464802314368371,HKD
HK1593,Podo,1,0.00048216007714561236,HKD
HK1593,Prolif_Lym,1,0.00048216007714561236,HKD
HK1593,cDC,1,0.00048216007714561236,HKD
HK1593,iPT,3,0.0014464802314368371,HKD
HK1594,B_Naive,35,0.01254930082466834,HKD
HK1594,B_memory,1,0.00035855145213338117,HKD
HK1594,Baso/Mast,1,0.00035855145213338117,HKD
HK1594,CD14_Mono,327,0.11724632484761563,HKD
HK1594,CD16_Mono,535,0.1918250268913589,HKD
HK1594,CD4T,265,0.095016134815346,HKD
HK1594,CD8T,435,0.15596988167802078,HKD
HK1594,C_TAL,13,0.004661168877733955,HKD
HK1594,DCT1,56,0.020078881319469343,HKD
HK1594,DCT2,13,0.004661168877733955,HKD
HK1594,Endo_GC,109,0.039082108282538545,HKD
HK1594,Endo_Peritubular,40,0.014342058085335245,HKD
HK1594,Fibroblast_1,1,0.00035855145213338117,HKD
HK1594,Fibroblast_2,1,0.00035855145213338117,HKD
HK1594,GS_Stromal,3,0.0010756543564001434,HKD
HK1594,IC_A,312,0.11186805306561491,HKD
HK1594,IC_B,1,0.00035855145213338117,HKD
HK1594,M_TAL,4,0.0014342058085335247,HKD
HK1594,Mac,34,0.012190749372534958,HKD
HK1594,MyoFib/VSMC,1,0.00035855145213338117,HKD
HK1594,NK,238,0.0853352456077447,HKD
HK1594,Neural_Cells,1,0.00035855145213338117,HKD
HK1594,Neutrophil,145,0.05198996055934026,HKD
HK1594,PC,2,0.0007171029042667623,HKD
HK1594,PT_S1,90,0.0322696306920043,HKD
HK1594,PT_S2,80,0.02868411617067049,HKD
HK1594,PT_S3,35,0.01254930082466834,HKD
HK1594,Prolif_Lym,4,0.0014342058085335247,HKD
HK1594,cDC,3,0.0010756543564001434,HKD
HK1594,iPT,4,0.0014342058085335247,HKD
HK1597,Ascending_Thin_LOH,68,0.014573510501500214,HKD
HK1597,B_Naive,554,0.11873124732104587,HKD
HK1597,B_memory,8,0.0017145306472353193,HKD
HK1597,Baso/Mast,7,0.0015002143163309043,HKD
HK1597,CD14_Mono,109,0.023360480068581227,HKD
HK1597,CD16_Mono,381,0.08165452207458208,HKD
HK1597,CD4T,403,0.08636948135447921,HKD
HK1597,CD8T,615,0.13180454350621518,HKD
HK1597,CNT,202,0.043291898842691814,HKD
HK1597,C_TAL,78,0.016716673810544362,HKD
HK1597,DCT1,96,0.020574367766823833,HKD
HK1597,DCT2,238,0.05100728675525075,HKD
HK1597,Des-Thin_Limb,23,0.004929275610801543,HKD
HK1597,Endo_GC,156,0.033433347621088724,HKD
HK1597,Endo_Peritubular,89,0.019074153450492928,HKD
HK1597,Fibroblast_1,2,0.0004286326618088298,HKD
HK1597,GS_Stromal,4,0.0008572653236176596,HKD
HK1597,IC_A,337,0.07222460351478782,HKD
HK1597,IC_B,57,0.01221603086155165,HKD
HK1597,M_TAL,5,0.0010715816545220746,HKD
HK1597,Mac,247,0.052936133733390484,HKD
HK1597,Macula_Densa,69,0.01478782683240463,HKD
HK1597,NK,63,0.01350192884697814,HKD
HK1597,Neural_Cells,17,0.0036433776253750536,HKD
HK1597,Neutrophil,151,0.032361765966566654,HKD
HK1597,PC,25,0.005357908272610373,HKD
HK1597,PEC,16,0.0034290612944706386,HKD
HK1597,PT_S1,392,0.08401200171453065,HKD
HK1597,PT_S2,129,0.027646806686669523,HKD
HK1597,PT_S3,84,0.018002571795970854,HKD
HK1597,Plasma_Cells,1,0.0002143163309044149,HKD
HK1597,cDC,3,0.0006429489927132448,HKD
HK1597,iPT,33,0.007072438919845692,HKD
HK1597,pDC,4,0.0008572653236176596,HKD
HK1632,Ascending_Thin_LOH,86,0.015003489183531053,DKD
HK1632,B_Naive,74,0.012909979064898814,DKD
HK1632,B_memory,4,0.0006978367062107466,DKD
HK1632,Baso/Mast,1,0.00017445917655268666,DKD
HK1632,CD14_Mono,199,0.03471737613398465,DKD
HK1632,CD16_Mono,481,0.08391486392184229,DKD
HK1632,CD4T,266,0.04640614096301465,DKD
HK1632,CD8T,659,0.11496859734822051,DKD
HK1632,CNT,194,0.03384508025122122,DKD
HK1632,C_TAL,222,0.03872993719469644,DKD
HK1632,DCT1,102,0.01779483600837404,DKD
HK1632,DCT2,290,0.05059316120027914,DKD
HK1632,Des-Thin_Limb,5,0.0008722958827634334,DKD
HK1632,Endo_GC,273,0.04762735519888346,DKD
HK1632,Endo_Peritubular,106,0.01849267271458479,DKD
HK1632,Fibroblast_1,3,0.00052337752965806,DKD
HK1632,Fibroblast_2,3,0.00052337752965806,DKD
HK1632,IC_A,1558,0.27180739706908585,DKD
HK1632,IC_B,185,0.03227494766224703,DKD
HK1632,M_TAL,38,0.006629448709002094,DKD
HK1632,Mac,237,0.04134682484298674,DKD
HK1632,Macula_Densa,105,0.0183182135380321,DKD
HK1632,MyoFib/VSMC,11,0.0019190509420795533,DKD
HK1632,NK,148,0.025819958129797628,DKD
HK1632,Neural_Cells,2,0.0003489183531053733,DKD
HK1632,Neutrophil,107,0.018667131891137473,DKD
HK1632,PC,174,0.03035589672016748,DKD
HK1632,PEC,9,0.00157013258897418,DKD
HK1632,PT_S1,61,0.010642009769713887,DKD
HK1632,PT_S2,64,0.011165387299371946,DKD
HK1632,PT_S3,22,0.0038381018841591066,DKD
HK1632,Podo,8,0.0013956734124214933,DKD
HK1632,cDC,5,0.0008722958827634334,DKD
HK1632,iPT,25,0.004361479413817167,DKD
HK1632,pDC,5,0.0008722958827634334,DKD
HK1634,Ascending_Thin_LOH,14,0.0022522522522522522,DKD
HK1634,B_Naive,142,0.022844272844272845,DKD
HK1634,B_memory,89,0.014317889317889318,DKD
HK1634,Baso/Mast,121,0.019465894465894466,DKD
HK1634,CD14_Mono,191,0.030727155727155727,DKD
HK1634,CD16_Mono,216,0.03474903474903475,DKD
HK1634,CD4T,1050,0.16891891891891891,DKD
HK1634,CD8T,1194,0.1920849420849421,DKD
HK1634,CNT,12,0.0019305019305019305,DKD
HK1634,C_TAL,23,0.0037001287001287003,DKD
HK1634,DCT1,1,0.00016087516087516087,DKD
HK1634,DCT2,10,0.0016087516087516086,DKD
HK1634,Endo_GC,1901,0.30582368082368083,DKD
HK1634,Endo_Peritubular,199,0.03201415701415702,DKD
HK1634,Fibroblast_1,32,0.005148005148005148,DKD
HK1634,Fibroblast_2,22,0.0035392535392535394,DKD
HK1634,GS_Stromal,4,0.0006435006435006435,DKD
HK1634,IC_A,8,0.001287001287001287,DKD
HK1634,IC_B,3,0.00048262548262548264,DKD
HK1634,M_TAL,3,0.00048262548262548264,DKD
HK1634,Mac,202,0.0324967824967825,DKD
HK1634,Macula_Densa,14,0.0022522522522522522,DKD
HK1634,Mes,1,0.00016087516087516087,DKD
HK1634,MyoFib/VSMC,42,0.006756756756756757,DKD
HK1634,NK,470,0.07561132561132561,DKD
HK1634,Neural_Cells,1,0.00016087516087516087,DKD
HK1634,Neutrophil,122,0.019626769626769628,DKD
HK1634,PC,8,0.001287001287001287,DKD
HK1634,PEC,2,0.00032175032175032174,DKD
HK1634,PT_S1,47,0.007561132561132561,DKD
HK1634,PT_S2,15,0.002413127413127413,DKD
HK1634,PT_S3,9,0.0014478764478764478,DKD
HK1634,Plasma_Cells,2,0.00032175032175032174,DKD
HK1634,Podo,3,0.00048262548262548264,DKD
HK1634,Prolif_Lym,5,0.0008043758043758043,DKD
HK1634,cDC,20,0.0032175032175032173,DKD
HK1634,iPT,8,0.001287001287001287,DKD
HK1634,pDC,10,0.0016087516087516086,DKD
HK1635,B_Naive,39,0.008569545154911009,DKD
HK1635,B_memory,11,0.0024170511975390024,DKD
HK1635,CD14_Mono,11,0.0024170511975390024,DKD
HK1635,CD16_Mono,356,0.07822456602944408,DKD
HK1635,CD4T,337,0.07404965941551307,DKD
HK1635,CD8T,1906,0.41880905295539445,DKD
HK1635,CNT,7,0.0015381234893430016,DKD
HK1635,C_TAL,10,0.002197319270490002,DKD
HK1635,DCT1,3,0.0006591957811470006,DKD
HK1635,DCT2,2,0.00043946385409800046,DKD
HK1635,Des-Thin_Limb,4,0.0008789277081960009,DKD
HK1635,Endo_GC,148,0.032520325203252036,DKD
HK1635,Endo_Peritubular,11,0.0024170511975390024,DKD
HK1635,GS_Stromal,6,0.0013183915622940012,DKD
HK1635,IC_A,5,0.001098659635245001,DKD
HK1635,IC_B,1,0.00021973192704900023,DKD
HK1635,M_TAL,23,0.005053834322127005,DKD
HK1635,Mac,60,0.013183915622940013,DKD
HK1635,Macula_Densa,1,0.00021973192704900023,DKD
HK1635,NK,1153,0.25335091188749725,DKD
HK1635,Neural_Cells,2,0.00043946385409800046,DKD
HK1635,Neutrophil,72,0.015820698747528016,DKD
HK1635,PT_S1,225,0.049439683586025046,DKD
HK1635,PT_S2,76,0.016699626455724016,DKD
HK1635,PT_S3,30,0.0065919578114700065,DKD
HK1635,Plasma_Cells,3,0.0006591957811470006,DKD
HK1635,Podo,2,0.00043946385409800046,DKD
HK1635,Prolif_Lym,9,0.001977587343441002,DKD
HK1635,RBC,31,0.0068116897385190065,DKD
HK1635,cDC,3,0.0006591957811470006,DKD
HK1635,iPT,4,0.0008789277081960009,DKD
HK1650,Ascending_Thin_LOH,5,0.00031304783370899073,HKD
HK1650,B_Naive,96,0.006010518407212622,HKD
HK1650,Baso/Mast,10,0.0006260956674179815,HKD
HK1650,CD14_Mono,367,0.02297771099423992,HKD
HK1650,CD16_Mono,1574,0.09854745805159028,HKD
HK1650,CD4T,854,0.053468569997495614,HKD
HK1650,CD8T,5195,0.32525669922364137,HKD
HK1650,CNT,28,0.001753067868770348,HKD
HK1650,C_TAL,19,0.0011895817680941648,HKD
HK1650,DCT1,5,0.00031304783370899073,HKD
HK1650,DCT2,6,0.0003756574004507889,HKD
HK1650,Des-Thin_Limb,22,0.0013774104683195593,HKD
HK1650,Endo_GC,3123,0.1955296769346356,HKD
HK1650,Endo_Peritubular,545,0.03412221387427999,HKD
HK1650,Fibroblast_1,12,0.0007513148009015778,HKD
HK1650,Fibroblast_2,139,0.008702729777109942,HKD
HK1650,GS_Stromal,93,0.005822689706987227,HKD
HK1650,IC_A,16,0.0010017530678687703,HKD
HK1650,IC_B,7,0.000438266967192587,HKD
HK1650,M_TAL,21,0.001314800901577761,HKD
HK1650,Mac,113,0.007074881041823191,HKD
HK1650,Macula_Densa,8,0.0005008765339343851,HKD
HK1650,MyoFib/VSMC,3,0.00018782870022539445,HKD
HK1650,NK,2001,0.1252817430503381,HKD
HK1650,Neural_Cells,12,0.0007513148009015778,HKD
HK1650,Neutrophil,355,0.02222639619333834,HKD
HK1650,PC,1,6.260956674179814e-05,HKD
HK1650,PEC,4,0.00025043826696719256,HKD
HK1650,PT_S1,294,0.018407212622088654,HKD
HK1650,PT_S2,387,0.024229902329075882,HKD
HK1650,PT_S3,493,0.030866516403706485,HKD
HK1650,Podo,35,0.0021913348359629352,HKD
HK1650,Prolif_Lym,15,0.0009391435011269722,HKD
HK1650,RBC,12,0.0007513148009015778,HKD
HK1650,cDC,66,0.004132231404958678,HKD
HK1650,iPT,20,0.001252191334835963,HKD
HK1650,pDC,16,0.0010017530678687703,HKD
HK1664,Ascending_Thin_LOH,2,0.0002926115581565472,Control
HK1664,B_Naive,66,0.009656181419166058,Control
HK1664,Baso/Mast,5,0.000731528895391368,Control
HK1664,CD14_Mono,77,0.011265544989027066,Control
HK1664,CD16_Mono,849,0.12421360643745429,Control
HK1664,CD4T,653,0.09553767373811266,Control
HK1664,CD8T,805,0.11777615215801024,Control
HK1664,CNT,13,0.0019019751280175566,Control
HK1664,C_TAL,9,0.0013167520117044623,Control
HK1664,DCT1,4,0.0005852231163130944,Control
HK1664,DCT2,1,0.0001463057790782736,Control
HK1664,Des-Thin_Limb,16,0.0023408924652523777,Control
HK1664,Endo_GC,3,0.0004389173372348208,Control
HK1664,Endo_Peritubular,6,0.0008778346744696416,Control
HK1664,Fibroblast_1,1,0.0001463057790782736,Control
HK1664,GS_Stromal,8,0.0011704462326261888,Control
HK1664,IC_A,26,0.003803950256035113,Control
HK1664,IC_B,9,0.0013167520117044623,Control
HK1664,M_TAL,20,0.002926115581565472,Control
HK1664,Mac,72,0.010534016093635698,Control
HK1664,Macula_Densa,3,0.0004389173372348208,Control
HK1664,NK,1032,0.15098756400877836,Control
HK1664,Neural_Cells,1,0.0001463057790782736,Control
HK1664,Neutrophil,267,0.03906364301389905,Control
HK1664,PC,1,0.0001463057790782736,Control
HK1664,PEC,3,0.0004389173372348208,Control
HK1664,PT_S1,1315,0.19239209948792976,Control
HK1664,PT_S2,646,0.09451353328456474,Control
HK1664,PT_S3,864,0.1264081931236284,Control
HK1664,Plasma_Cells,2,0.0002926115581565472,Control
HK1664,Prolif_Lym,6,0.0008778346744696416,Control
HK1664,RBC,2,0.0002926115581565472,Control
HK1664,cDC,6,0.0008778346744696416,Control
HK1664,iPT,41,0.005998536942209217,Control
HK1664,pDC,1,0.0001463057790782736,Control
HK1770,Ascending_Thin_LOH,21,0.0017402834175851496,HKD
HK1770,B_Naive,2418,0.2003812049390901,HKD
HK1770,B_memory,83,0.0068782630314079725,HKD
HK1770,Baso/Mast,45,0.0037291787519681775,HKD
HK1770,CD14_Mono,145,0.012016242645230794,HKD
HK1770,CD16_Mono,330,0.027347310847766638,HKD
HK1770,CD4T,2121,0.17576862517610012,HKD
HK1770,CD8T,2200,0.18231540565177756,HKD
HK1770,CNT,105,0.008701417087925748,HKD
HK1770,C_TAL,40,0.0033148255573050467,HKD
HK1770,DCT1,19,0.0015745421397198973,HKD
HK1770,DCT2,99,0.008204193254329991,HKD
HK1770,Des-Thin_Limb,66,0.0054694621695533276,HKD
HK1770,Endo_GC,1027,0.08510814618380708,HKD
HK1770,Endo_Lymphatic,1,8.287063893262616e-05,HKD
HK1770,Endo_Peritubular,192,0.015911162675064226,HKD
HK1770,Fibroblast_1,42,0.0034805668351702993,HKD
HK1770,Fibroblast_2,5,0.00041435319466313084,HKD
HK1770,GS_Stromal,10,0.0008287063893262617,HKD
HK1770,IC_A,499,0.041352448827380456,HKD
HK1770,IC_B,2,0.00016574127786525233,HKD
HK1770,M_TAL,23,0.001906024695450402,HKD
HK1770,Mac,798,0.06613076986823568,HKD
HK1770,Macula_Densa,10,0.0008287063893262617,HKD
HK1770,MyoFib/VSMC,10,0.0008287063893262617,HKD
HK1770,NK,275,0.022789425706472195,HKD
HK1770,Neural_Cells,34,0.00281760172370929,HKD
HK1770,Neutrophil,136,0.01127040689483716,HKD
HK1770,PC,17,0.001408800861854645,HKD
HK1770,PEC,7,0.0005800944725283831,HKD
HK1770,PT_S1,660,0.054694621695533276,HKD
HK1770,PT_S2,246,0.020386177177426038,HKD
HK1770,PT_S3,253,0.020966271649954422,HKD
HK1770,Plasma_Cells,5,0.00041435319466313084,HKD
HK1770,Podo,4,0.00033148255573050466,HKD
HK1770,Prolif_Lym,6,0.0004972238335957571,HKD
HK1770,RBC,1,8.287063893262616e-05,HKD
HK1770,cDC,18,0.001491671500787271,HKD
HK1770,iPT,91,0.007541228142868982,HKD
HK1770,pDC,3,0.00024861191679787854,HKD
HK1997,Ascending_Thin_LOH,33,0.003136285877209656,Control
HK1997,B_Naive,2340,0.22239118038395742,Control
HK1997,B_memory,14,0.0013305455236647026,Control
HK1997,Baso/Mast,41,0.0038965976050180573,Control
HK1997,CD14_Mono,74,0.007032883482227714,Control
HK1997,CD16_Mono,179,0.01701197490971298,Control
HK1997,CD4T,2139,0.20328834822277134,Control
HK1997,CD8T,2298,0.2183995438129633,Control
HK1997,CNT,79,0.007508078312107964,Control
HK1997,C_TAL,73,0.006937844516251663,Control
HK1997,DCT1,28,0.002661091047329405,Control
HK1997,DCT2,115,0.010929481087245771,Control
HK1997,Des-Thin_Limb,49,0.004656909332826459,Control
HK1997,Endo_GC,684,0.06500665272761832,Control
HK1997,Endo_Lymphatic,1,9.503896597605019e-05,Control
HK1997,Endo_Peritubular,177,0.016821896977760882,Control
HK1997,Fibroblast_1,68,0.006462649686371412,Control
HK1997,Fibroblast_2,3,0.00028511689792815053,Control
HK1997,GS_Stromal,21,0.001995818285497054,Control
HK1997,IC_A,204,0.019387949059114236,Control
HK1997,IC_B,19,0.0018057403535449534,Control
HK1997,M_TAL,23,0.0021858962174491543,Control
HK1997,Mac,637,0.060539821326743966,Control
HK1997,Macula_Densa,16,0.001520623455616803,Control
HK1997,MyoFib/VSMC,11,0.001045428625736552,Control
HK1997,NK,271,0.0257555597795096,Control
HK1997,Neural_Cells,40,0.0038015586390420073,Control
HK1997,Neutrophil,100,0.009503896597605019,Control
HK1997,PC,19,0.0018057403535449534,Control
HK1997,PEC,4,0.00038015586390420075,Control
HK1997,PT_S1,323,0.03069758601026421,Control
HK1997,PT_S2,119,0.011309636951149971,Control
HK1997,PT_S3,189,0.017962364569473484,Control
HK1997,Plasma_Cells,2,0.00019007793195210037,Control
HK1997,Podo,13,0.0012355065576886524,Control
HK1997,Prolif_Lym,4,0.00038015586390420075,Control
HK1997,RBC,1,9.503896597605019e-05,Control
HK1997,cDC,7,0.0006652727618323513,Control
HK1997,iPT,92,0.008743584869796617,Control
HK1997,pDC,12,0.0011404675917126021,Control
HK2558,Ascending_Thin_LOH,41,0.0038321338442845127,HKD
HK2558,B_Naive,25,0.002336666978222264,HKD
HK2558,B_memory,45,0.0042060005608000745,HKD
HK2558,CD16_Mono,32,0.0029909337321244976,HKD
HK2558,CD4T,158,0.014767735302364707,HKD
HK2558,CD8T,144,0.01345920179456024,HKD
HK2558,CNT,699,0.06533320871109449,HKD
HK2558,C_TAL,1211,0.11318814842508645,HKD
HK2558,Des-Thin_Limb,6,0.0005608000747733433,HKD
HK2558,Endo_GC,837,0.0782316104308814,HKD
HK2558,Endo_Lymphatic,68,0.006355734180764557,HKD
HK2558,Endo_Peritubular,1073,0.10028974670529955,HKD
HK2558,Fibroblast_1,314,0.029348537246471632,HKD
HK2558,Fibroblast_2,142,0.013272268436302458,HKD
HK2558,GS_Stromal,8,0.0007477334330311244,HKD
HK2558,IC_A,409,0.03822787176371623,HKD
HK2558,IC_B,3,0.00028040003738667165,HKD
HK2558,M_TAL,3067,0.2866623048883073,HKD
HK2558,Mac,105,0.009814001308533507,HKD
HK2558,Macula_Densa,30,0.0028040003738667163,HKD
HK2558,Mes,88,0.008225067763342368,HKD
HK2558,MyoFib/VSMC,267,0.024955603327413776,HKD
HK2558,NK,5,0.00046733339564445275,HKD
HK2558,Neural_Cells,7,0.0006542667539022339,HKD
HK2558,Neutrophil,17,0.0015889335451911393,HKD
HK2558,PC,700,0.06542667539022338,HKD
HK2558,PEC,10,0.0009346667912889055,HKD
HK2558,PT_S1,1,9.346667912889055e-05,HKD
HK2558,PT_S2,3,0.00028040003738667165,HKD
HK2558,PT_S3,54,0.0050472006729600895,HKD
HK2558,Plasma_Cells,2,0.0001869333582577811,HKD
HK2558,RBC,2,0.0001869333582577811,HKD
HK2558,iPT,1126,0.10524348069913075,HKD
HK2596,Ascending_Thin_LOH,52,0.005879692446856626,DKD
HK2596,B_Naive,24,0.0027137042062415195,DKD
HK2596,B_memory,23,0.002600633197648123,DKD
HK2596,CD14_Mono,1,0.00011307100859339665,DKD
HK2596,CD16_Mono,56,0.006331976481230212,DKD
HK2596,CD4T,372,0.04206241519674356,DKD
HK2596,CD8T,159,0.01797829036635007,DKD
HK2596,CNT,632,0.07146087743102668,DKD
HK2596,C_TAL,1782,0.20149253731343283,DKD
HK2596,DCT2,26,0.002939846223428313,DKD
HK2596,Des-Thin_Limb,5,0.0005653550429669833,DKD
HK2596,Endo_GC,552,0.06241519674355495,DKD
HK2596,Endo_Lymphatic,24,0.0027137042062415195,DKD
HK2596,Endo_Peritubular,999,0.11295793758480326,DKD
HK2596,Fibroblast_1,823,0.09305744007236545,DKD
HK2596,Fibroblast_2,127,0.014360018091361375,DKD
HK2596,GS_Stromal,83,0.009384893713251923,DKD
HK2596,IC_A,19,0.0021483491632745366,DKD
HK2596,IC_B,4,0.0004522840343735866,DKD
HK2596,M_TAL,135,0.015264586160108548,DKD
HK2596,Mac,468,0.052917232021709636,DKD
HK2596,Macula_Densa,480,0.054274084124830396,DKD
HK2596,Mes,2,0.0002261420171867933,DKD
HK2596,MyoFib/VSMC,172,0.019448213478064226,DKD
HK2596,NK,2,0.0002261420171867933,DKD
HK2596,Neural_Cells,33,0.0037313432835820895,DKD
HK2596,Neutrophil,7,0.0007914970601537765,DKD
HK2596,PC,10,0.0011307100859339666,DKD
HK2596,PEC,3,0.00033921302578018993,DKD
HK2596,PT_S1,1,0.00011307100859339665,DKD
HK2596,PT_S2,1,0.00011307100859339665,DKD
HK2596,PT_S3,9,0.0010176390773405698,DKD
HK2596,Plasma_Cells,35,0.003957485300768883,DKD
HK2596,Podo,3,0.00033921302578018993,DKD
HK2596,cDC,1,0.00011307100859339665,DKD
HK2596,iPT,1719,0.19436906377204885,DKD
HK2662,Ascending_Thin_LOH,1,0.0008103727714748784,Control
HK2662,B_Naive,3,0.0024311183144246355,Control
HK2662,B_memory,1,0.0008103727714748784,Control
HK2662,Baso/Mast,5,0.004051863857374392,Control
HK2662,CD16_Mono,4,0.0032414910858995136,Control
HK2662,CD4T,29,0.023500810372771474,Control
HK2662,CD8T,12,0.009724473257698542,Control
HK2662,CNT,5,0.004051863857374392,Control
HK2662,C_TAL,37,0.029983792544570502,Control
HK2662,DCT1,2,0.0016207455429497568,Control
HK2662,DCT2,5,0.004051863857374392,Control
HK2662,Des-Thin_Limb,3,0.0024311183144246355,Control
HK2662,Endo_GC,29,0.023500810372771474,Control
HK2662,Endo_Peritubular,102,0.08265802269043761,Control
HK2662,Fibroblast_1,40,0.03241491085899514,Control
HK2662,Fibroblast_2,6,0.004862236628849271,Control
HK2662,IC_A,2,0.0016207455429497568,Control
HK2662,IC_B,5,0.004051863857374392,Control
HK2662,M_TAL,17,0.013776337115072933,Control
HK2662,Mac,22,0.017828200972447326,Control
HK2662,Macula_Densa,27,0.02188006482982172,Control
HK2662,MyoFib/VSMC,2,0.0016207455429497568,Control
HK2662,NK,105,0.08508914100486224,Control
HK2662,Neutrophil,19,0.01539708265802269,Control
HK2662,PEC,6,0.004862236628849271,Control
HK2662,PT_S1,4,0.0032414910858995136,Control
HK2662,PT_S3,3,0.0024311183144246355,Control
HK2662,Plasma_Cells,1,0.0008103727714748784,Control
HK2662,Podo,691,0.559967585089141,Control
HK2662,Prolif_Lym,4,0.0032414910858995136,Control
HK2662,iPT,27,0.02188006482982172,Control
HK2662,pDC,15,0.012155591572123177,Control
HK2663,Ascending_Thin_LOH,42,0.006188301163989981,Control
HK2663,B_Naive,7,0.0010313835273316634,Control
HK2663,B_memory,20,0.002946810078090467,Control
HK2663,CD14_Mono,2,0.0002946810078090467,Control
HK2663,CD16_Mono,12,0.0017680860468542803,Control
HK2663,CD4T,52,0.007661706203035214,Control
HK2663,CD8T,70,0.010313835273316635,Control
HK2663,CNT,430,0.06335641667894504,Control
HK2663,C_TAL,174,0.025637247679387062,Control
HK2663,DCT1,256,0.037719168999557975,Control
HK2663,DCT2,229,0.03374097539413585,Control
HK2663,Des-Thin_Limb,131,0.01930160601149256,Control
HK2663,Endo_GC,467,0.06880801532341241,Control
HK2663,Endo_Lymphatic,4,0.0005893620156180934,Control
HK2663,Endo_Peritubular,633,0.09326653897156328,Control
HK2663,Fibroblast_1,273,0.04022395756593487,Control
HK2663,Fibroblast_2,43,0.006335641667894504,Control
HK2663,GS_Stromal,11,0.0016207455429497568,Control
HK2663,IC_A,316,0.04655959923382938,Control
HK2663,IC_B,207,0.030499484308236333,Control
HK2663,Mac,57,0.00839840872255783,Control
HK2663,Macula_Densa,102,0.015028731398261382,Control
HK2663,Mes,76,0.011197878296743775,Control
HK2663,MyoFib/VSMC,11,0.0016207455429497568,Control
HK2663,Neural_Cells,3,0.0004420215117135701,Control
HK2663,Neutrophil,11,0.0016207455429497568,Control
HK2663,PC,191,0.02814203624576396,Control
HK2663,PEC,39,0.005746279652276411,Control
HK2663,PT_S1,1352,0.19920436127891558,Control
HK2663,PT_S2,634,0.09341387947546781,Control
HK2663,PT_S3,402,0.059230882569618386,Control
HK2663,Plasma_Cells,2,0.0002946810078090467,Control
HK2663,Podo,106,0.015618093413879475,Control
HK2663,RBC,1,0.00014734050390452334,Control
HK2663,cDC,1,0.00014734050390452334,Control
HK2663,iPT,420,0.06188301163989981,Control
HK2711,Ascending_Thin_LOH,3,0.00017375188231205839,HKD
HK2711,B_Naive,11,0.0006370902351442141,HKD
HK2711,B_memory,6,0.00034750376462411677,HKD
HK2711,CD14_Mono,4,0.00023166917641607784,HKD
HK2711,CD16_Mono,81,0.004691300822425576,HKD
HK2711,CD4T,169,0.009788022703579289,HKD
HK2711,CD8T,212,0.012278466350052126,HKD
HK2711,CNT,458,0.02652612069964091,HKD
HK2711,C_TAL,3084,0.178616935016796,HKD
HK2711,DCT1,372,0.02154523340669524,HKD
HK2711,DCT2,87,0.005038804587049693,HKD
HK2711,Des-Thin_Limb,128,0.007413413645314491,HKD
HK2711,Endo_GC,389,0.02252982740646357,HKD
HK2711,Endo_Lymphatic,1,5.791729410401946e-05,HKD
HK2711,Endo_Peritubular,1792,0.10378779103440287,HKD
HK2711,Fibroblast_1,401,0.023224834935711803,HKD
HK2711,Fibroblast_2,149,0.0086296768214989,HKD
HK2711,GS_Stromal,40,0.0023166917641607786,HKD
HK2711,IC_A,922,0.05339974516390594,HKD
HK2711,IC_B,128,0.007413413645314491,HKD
HK2711,M_TAL,5417,0.3137379821614734,HKD
HK2711,Mac,153,0.008861345997914978,HKD
HK2711,Macula_Densa,235,0.013610564114444574,HKD
HK2711,Mes,13,0.000752924823352253,HKD
HK2711,MyoFib/VSMC,50,0.002895864705200973,HKD
HK2711,NK,15,0.0008687594115602919,HKD
HK2711,Neural_Cells,8,0.0004633383528321557,HKD
HK2711,Neutrophil,7,0.0004054210587281362,HKD
HK2711,PC,1396,0.08085254256921116,HKD
HK2711,PEC,100,0.005791729410401946,HKD
HK2711,PT_S1,190,0.011004285879763697,HKD
HK2711,PT_S2,243,0.014073902467276729,HKD
HK2711,PT_S3,554,0.03208618093362678,HKD
HK2711,Plasma_Cells,6,0.00034750376462411677,HKD
HK2711,Podo,42,0.0024325263523688172,HKD
HK2711,Prolif_Lym,2,0.00011583458820803892,HKD
HK2711,RBC,4,0.00023166917641607784,HKD
HK2711,cDC,2,0.00011583458820803892,HKD
HK2711,iPT,392,0.02270357928877563,HKD
HK2713,Ascending_Thin_LOH,5,0.0029342723004694834,Control
HK2713,B_memory,1,0.0005868544600938967,Control
HK2713,CD4T,2,0.0011737089201877935,Control
HK2713,CD8T,1,0.0005868544600938967,Control
HK2713,CNT,87,0.051056338028169015,Control
HK2713,C_TAL,91,0.0534037558685446,Control
HK2713,DCT1,105,0.061619718309859156,Control
HK2713,DCT2,55,0.03227699530516432,Control
HK2713,Des-Thin_Limb,20,0.011737089201877934,Control
HK2713,Endo_GC,17,0.009976525821596244,Control
HK2713,Endo_Peritubular,7,0.004107981220657277,Control
HK2713,Fibroblast_2,1,0.0005868544600938967,Control
HK2713,GS_Stromal,1,0.0005868544600938967,Control
HK2713,IC_A,134,0.07863849765258216,Control
HK2713,IC_B,24,0.014084507042253521,Control
HK2713,M_TAL,4,0.002347417840375587,Control
HK2713,Macula_Densa,23,0.013497652582159625,Control
HK2713,PC,74,0.04342723004694836,Control
HK2713,PT_S1,335,0.1965962441314554,Control
HK2713,PT_S2,325,0.19072769953051644,Control
HK2713,PT_S3,207,0.12147887323943662,Control
HK2713,Podo,26,0.015258215962441314,Control
HK2713,iPT,159,0.09330985915492958,Control
HK2739,Ascending_Thin_LOH,33,0.002420952241214878,HKD
HK2739,B_Naive,20,0.0014672437825544713,HKD
HK2739,B_memory,14,0.00102707064778813,HKD
HK2739,CD14_Mono,2,0.00014672437825544713,HKD
HK2739,CD16_Mono,21,0.001540605971682195,HKD
HK2739,CD4T,5,0.00036681094563861783,HKD
HK2739,CD8T,44,0.003227936321619837,HKD
HK2739,CNT,1076,0.07893771550143057,HKD
HK2739,C_TAL,677,0.04966620203946886,HKD
HK2739,DCT1,1239,0.0908957523292495,HKD
HK2739,DCT2,789,0.0578827672217739,HKD
HK2739,Des-Thin_Limb,166,0.012178123395202113,HKD
HK2739,Endo_GC,201,0.014745800014672438,HKD
HK2739,Endo_Lymphatic,16,0.001173795026043577,HKD
HK2739,Endo_Peritubular,1021,0.07490279509940577,HKD
HK2739,Fibroblast_1,72,0.005282077617196097,HKD
HK2739,Fibroblast_2,39,0.002861125375981219,HKD
HK2739,GS_Stromal,14,0.00102707064778813,HKD
HK2739,IC_A,664,0.04871249358080845,HKD
HK2739,IC_B,28,0.00205414129557626,HKD
HK2739,M_TAL,72,0.005282077617196097,HKD
HK2739,Mac,23,0.0016873303499376421,HKD
HK2739,Macula_Densa,528,0.03873523585943805,HKD
HK2739,Mes,3,0.00022008656738317073,HKD
HK2739,NK,2,0.00014672437825544713,HKD
HK2739,Neural_Cells,5,0.00036681094563861783,HKD
HK2739,Neutrophil,1,7.336218912772357e-05,HKD
HK2739,PC,144,0.010564155234392194,HKD
HK2739,PEC,10,0.0007336218912772357,HKD
HK2739,PT_S1,2943,0.21590492260289046,HKD
HK2739,PT_S2,1157,0.08488005282077617,HKD
HK2739,PT_S3,456,0.033453158242241945,HKD
HK2739,Plasma_Cells,3,0.00022008656738317073,HKD
HK2739,Podo,8,0.0005868975130217885,HKD
HK2739,RBC,1,7.336218912772357e-05,HKD
HK2739,cDC,2,0.00014672437825544713,HKD
HK2739,iPT,2132,0.15640818722030667,HKD
HK2770,Ascending_Thin_LOH,4,0.0005083884087442806,HKD
HK2770,B_Naive,8,0.0010167768174885613,HKD
HK2770,B_memory,11,0.0013980681240467717,HKD
HK2770,Baso/Mast,1,0.00012709710218607016,HKD
HK2770,CD14_Mono,1,0.00012709710218607016,HKD
HK2770,CD16_Mono,11,0.0013980681240467717,HKD
HK2770,CD4T,338,0.04295882053889171,HKD
HK2770,CD8T,433,0.05503304524656838,HKD
HK2770,CNT,276,0.03507880020335536,HKD
HK2770,C_TAL,390,0.049567869852567364,HKD
HK2770,DCT1,536,0.0681240467717336,HKD
HK2770,DCT2,253,0.03215556685307575,HKD
HK2770,Des-Thin_Limb,405,0.05147432638535841,HKD
HK2770,Endo_GC,135,0.017158108795119472,HKD
HK2770,Endo_Lymphatic,2,0.0002541942043721403,HKD
HK2770,Endo_Peritubular,455,0.05782918149466192,HKD
HK2770,Fibroblast_1,53,0.0067361464158617185,HKD
HK2770,Fibroblast_2,14,0.0017793594306049821,HKD
HK2770,GS_Stromal,6,0.000762582613116421,HKD
HK2770,IC_A,562,0.07142857142857142,HKD
HK2770,IC_B,77,0.009786476868327402,HKD
HK2770,M_TAL,52,0.0066090493136756485,HKD
HK2770,Mac,27,0.0034316217590238942,HKD
HK2770,Macula_Densa,93,0.011820030503304525,HKD
HK2770,Mes,1,0.00012709710218607016,HKD
HK2770,MyoFib/VSMC,1,0.00012709710218607016,HKD
HK2770,NK,149,0.018937468225724452,HKD
HK2770,Neural_Cells,5,0.0006354855109303507,HKD
HK2770,Neutrophil,232,0.029486527707168277,HKD
HK2770,PC,186,0.02364006100660905,HKD
HK2770,PEC,10,0.0012709710218607015,HKD
HK2770,PT_S1,1049,0.1333248601931876,HKD
HK2770,PT_S2,665,0.08451957295373666,HKD
HK2770,PT_S3,616,0.07829181494661921,HKD
HK2770,Plasma_Cells,3,0.0003812913065582105,HKD
HK2770,Podo,166,0.021098118962887647,HKD
HK2770,Prolif_Lym,2,0.0002541942043721403,HKD
HK2770,RBC,71,0.009023894255210982,HKD
HK2770,cDC,1,0.00012709710218607016,HKD
HK2770,iPT,567,0.07206405693950178,HKD
HK2770,pDC,1,0.00012709710218607016,HKD
HK2774,Ascending_Thin_LOH,38,0.0019867203429706696,HKD
HK2774,B_Naive,204,0.010665551314895175,HKD
HK2774,B_memory,1165,0.06090866314633764,HKD
HK2774,Baso/Mast,23,0.0012024886286401421,HKD
HK2774,CD14_Mono,10,0.0005228211428870183,HKD
HK2774,CD16_Mono,284,0.014848120457991321,HKD
HK2774,CD4T,1961,0.1025252261201443,HKD
HK2774,CD8T,1477,0.0772206828044126,HKD
HK2774,CNT,787,0.041146023945208346,HKD
HK2774,C_TAL,767,0.04010038165943431,HKD
HK2774,DCT1,6,0.000313692685732211,HKD
HK2774,DCT2,255,0.013331939143618968,HKD
HK2774,Des-Thin_Limb,50,0.0026141057144350916,HKD
HK2774,Endo_GC,402,0.021017409944058138,HKD
HK2774,Endo_Lymphatic,16,0.0008365138286192293,HKD
HK2774,Endo_Peritubular,1575,0.0823443300047054,HKD
HK2774,Fibroblast_1,1330,0.06953521200397345,HKD
HK2774,Fibroblast_2,287,0.015004966800857427,HKD
HK2774,GS_Stromal,845,0.04417838657395305,HKD
HK2774,IC_A,20,0.0010456422857740367,HKD
HK2774,IC_B,51,0.0026663878287237937,HKD
HK2774,M_TAL,24,0.001254770742928844,HKD
HK2774,Mac,640,0.03346055314476917,HKD
HK2774,Macula_Densa,156,0.008156009829037487,HKD
HK2774,Mes,131,0.00684895697181994,HKD
HK2774,MyoFib/VSMC,93,0.004862236628849271,HKD
HK2774,NK,151,0.007894599257593978,HKD
HK2774,Neural_Cells,383,0.020024049772572803,HKD
HK2774,Neutrophil,175,0.009149370000522822,HKD
HK2774,PC,25,0.0013070528572175458,HKD
HK2774,PEC,115,0.006012443143200711,HKD
HK2774,PT_S1,101,0.005280493543158886,HKD
HK2774,PT_S2,134,0.007005803314686046,HKD
HK2774,PT_S3,164,0.008574266743347101,HKD
HK2774,Plasma_Cells,246,0.012861400115020651,HKD
HK2774,Podo,648,0.033878810059078786,HKD
HK2774,Prolif_Lym,15,0.0007842317143305275,HKD
HK2774,RBC,7,0.00036597480002091283,HKD
HK2774,cDC,3,0.0001568463428661055,HKD
HK2774,iPT,4320,0.22585873372719192,HKD
HK2774,pDC,43,0.002248130914414179,HKD
HK2833,Ascending_Thin_LOH,6,0.0007712082262210797,Control
HK2833,B_Naive,8,0.0010282776349614395,Control
HK2833,B_memory,2,0.0002570694087403599,Control
HK2833,CD14_Mono,8,0.0010282776349614395,Control
HK2833,CD16_Mono,14,0.0017994858611825194,Control
HK2833,CD4T,46,0.005912596401028277,Control
HK2833,CD8T,70,0.008997429305912597,Control
HK2833,CNT,338,0.043444730077120824,Control
HK2833,C_TAL,870,0.11182519280205655,Control
HK2833,DCT1,452,0.05809768637532134,Control
HK2833,DCT2,284,0.03650385604113111,Control
HK2833,Des-Thin_Limb,420,0.05398457583547558,Control
HK2833,Endo_GC,143,0.018380462724935733,Control
HK2833,Endo_Lymphatic,2,0.0002570694087403599,Control
HK2833,Endo_Peritubular,842,0.10822622107969151,Control
HK2833,Fibroblast_1,18,0.002313624678663239,Control
HK2833,Fibroblast_2,20,0.002570694087403599,Control
HK2833,GS_Stromal,22,0.002827763496143959,Control
HK2833,IC_A,763,0.0980719794344473,Control
HK2833,IC_B,258,0.033161953727506424,Control
HK2833,M_TAL,175,0.02249357326478149,Control
HK2833,Mac,8,0.0010282776349614395,Control
HK2833,Macula_Densa,158,0.02030848329048843,Control
HK2833,Mes,1,0.00012853470437017994,Control
HK2833,NK,4,0.0005141388174807198,Control
HK2833,Neural_Cells,18,0.002313624678663239,Control
HK2833,Neutrophil,23,0.0029562982005141387,Control
HK2833,PC,645,0.08290488431876607,Control
HK2833,PEC,5,0.0006426735218508997,Control
HK2833,PT_S1,1304,0.16760925449871467,Control
HK2833,PT_S2,352,0.04524421593830334,Control
HK2833,PT_S3,92,0.011825192802056555,Control
HK2833,Plasma_Cells,1,0.00012853470437017994,Control
HK2833,Podo,4,0.0005141388174807198,Control
HK2833,RBC,3,0.00038560411311053987,Control
HK2833,iPT,401,0.05154241645244216,Control
HK2844,Ascending_Thin_LOH,7,0.0008541793776693106,DKD
HK2844,B_Naive,14,0.0017083587553386212,DKD
HK2844,B_memory,11,0.0013422818791946308,DKD
HK2844,CD16_Mono,18,0.0021964612568639414,DKD
HK2844,CD4T,33,0.004026845637583893,DKD
HK2844,CD8T,121,0.01476510067114094,DKD
HK2844,CNT,278,0.03392312385600976,DKD
HK2844,C_TAL,715,0.087248322147651,DKD
HK2844,DCT1,444,0.05417937766931055,DKD
HK2844,DCT2,314,0.03831604636973764,DKD
HK2844,Des-Thin_Limb,72,0.008785845027455766,DKD
HK2844,Endo_GC,132,0.016107382550335572,DKD
HK2844,Endo_Lymphatic,11,0.0013422818791946308,DKD
HK2844,Endo_Peritubular,621,0.07577791336180598,DKD
HK2844,Fibroblast_1,540,0.06589383770591824,DKD
HK2844,Fibroblast_2,44,0.005369127516778523,DKD
HK2844,GS_Stromal,9,0.0010982306284319707,DKD
HK2844,IC_A,280,0.034167175106772425,DKD
HK2844,IC_B,192,0.023428920073215374,DKD
HK2844,M_TAL,137,0.016717510677242222,DKD
HK2844,Mac,59,0.007199511897498474,DKD
HK2844,Macula_Densa,397,0.048444173276388044,DKD
HK2844,Mes,1,0.00012202562538133008,DKD
HK2844,NK,4,0.0004881025015253203,DKD
HK2844,Neural_Cells,2,0.00024405125076266016,DKD
HK2844,PC,579,0.07065283709579012,DKD
HK2844,PEC,39,0.004758999389871873,DKD
HK2844,PT_S1,1515,0.18486882245271508,DKD
HK2844,PT_S2,756,0.09225137278828555,DKD
HK2844,PT_S3,216,0.0263575350823673,DKD
HK2844,Plasma_Cells,4,0.0004881025015253203,DKD
HK2844,Podo,1,0.00012202562538133008,DKD
HK2844,cDC,1,0.00012202562538133008,DKD
HK2844,iPT,628,0.07663209273947529,DKD
HK2862,Ascending_Thin_LOH,8,0.0008493470644442085,DKD
HK2862,B_Naive,118,0.012527869200552075,DKD
HK2862,B_memory,184,0.019534982482216797,DKD
HK2862,CD14_Mono,1,0.00010616838305552606,DKD
HK2862,CD16_Mono,64,0.006794776515553668,DKD
HK2862,CD4T,837,0.08886293661747531,DKD
HK2862,CD8T,308,0.03269986198110203,DKD
HK2862,CNT,602,0.06391336659942669,DKD
HK2862,C_TAL,396,0.04204267968998832,DKD
HK2862,DCT1,73,0.007750291963053403,DKD
HK2862,DCT2,408,0.04331670028665464,DKD
HK2862,Des-Thin_Limb,25,0.0026542095763881514,DKD
HK2862,Endo_GC,169,0.017942456736383904,DKD
HK2862,Endo_Lymphatic,26,0.0027603779594436778,DKD
HK2862,Endo_Peritubular,320,0.033973882577768344,DKD
HK2862,Fibroblast_1,959,0.1018154793502495,DKD
HK2862,Fibroblast_2,206,0.02187068690943837,DKD
HK2862,GS_Stromal,26,0.0027603779594436778,DKD
HK2862,IC_A,304,0.03227518844887992,DKD
HK2862,IC_B,17,0.0018048625119439431,DKD
HK2862,M_TAL,16,0.001698694128888417,DKD
HK2862,Mac,182,0.019322645716105744,DKD
HK2862,Macula_Densa,680,0.07219450047775772,DKD
HK2862,Mes,15,0.001592525745832891,DKD
HK2862,MyoFib/VSMC,27,0.0028665463424992037,DKD
HK2862,NK,2,0.00021233676611105213,DKD
HK2862,Neural_Cells,58,0.006157766217220512,DKD
HK2862,Neutrophil,3,0.0003185051491665782,DKD
HK2862,PC,45,0.0047775772374986725,DKD
HK2862,PEC,18,0.0019110308949994693,DKD
HK2862,PT_S1,15,0.001592525745832891,DKD
HK2862,PT_S2,58,0.006157766217220512,DKD
HK2862,PT_S3,81,0.008599639027497611,DKD
HK2862,Plasma_Cells,34,0.0036097250238878863,DKD
HK2862,Podo,2,0.00021233676611105213,DKD
HK2862,iPT,3132,0.33251937572990764,DKD
HK2867,Ascending_Thin_LOH,3,0.0002709537572254335,Control
HK2867,B_Naive,8,0.000722543352601156,Control
HK2867,B_memory,2,0.000180635838150289,Control
HK2867,CD14_Mono,1,9.03179190751445e-05,Control
HK2867,CD16_Mono,29,0.0026192196531791907,Control
HK2867,CD4T,82,0.0074060693641618495,Control
HK2867,CD8T,279,0.02519869942196532,Control
HK2867,CNT,80,0.0072254335260115606,Control
HK2867,C_TAL,1172,0.10585260115606937,Control
HK2867,DCT1,976,0.08815028901734104,Control
HK2867,DCT2,153,0.013818641618497109,Control
HK2867,Des-Thin_Limb,78,0.007044797687861272,Control
HK2867,Endo_GC,277,0.025018063583815028,Control
HK2867,Endo_Lymphatic,1,9.03179190751445e-05,Control
HK2867,Endo_Peritubular,1124,0.10151734104046242,Control
HK2867,Fibroblast_1,103,0.009302745664739884,Control
HK2867,Fibroblast_2,44,0.003973988439306358,Control
HK2867,GS_Stromal,20,0.0018063583815028901,Control
HK2867,IC_A,122,0.01101878612716763,Control
HK2867,IC_B,109,0.00984465317919075,Control
HK2867,M_TAL,884,0.07984104046242775,Control
HK2867,Mac,96,0.008670520231213872,Control
HK2867,Macula_Densa,77,0.006954479768786127,Control
HK2867,Mes,28,0.0025289017341040463,Control
HK2867,MyoFib/VSMC,7,0.0006322254335260116,Control
HK2867,NK,101,0.009122109826589595,Control
HK2867,Neural_Cells,6,0.000541907514450867,Control
HK2867,Neutrophil,36,0.0032514450867052024,Control
HK2867,PC,29,0.0026192196531791907,Control
HK2867,PEC,52,0.004696531791907515,Control
HK2867,PT_S1,2099,0.18957731213872833,Control
HK2867,PT_S2,1003,0.09058887283236994,Control
HK2867,PT_S3,1492,0.1347543352601156,Control
HK2867,Plasma_Cells,6,0.000541907514450867,Control
HK2867,Podo,102,0.00921242774566474,Control
HK2867,RBC,2,0.000180635838150289,Control
HK2867,cDC,6,0.000541907514450867,Control
HK2867,iPT,383,0.034591763005780346,Control
HK2868,Ascending_Thin_LOH,12,0.0015428130624839291,HKD
HK2868,B_Naive,4,0.0005142710208279763,HKD
HK2868,B_memory,13,0.001671380817690923,HKD
HK2868,CD16_Mono,2,0.00025713551041398817,HKD
HK2868,CD4T,3,0.0003857032656209823,HKD
HK2868,CD8T,14,0.0017999485728979173,HKD
HK2868,CNT,783,0.10066855232707637,HKD
HK2868,C_TAL,537,0.06904088454615583,HKD
HK2868,DCT1,594,0.07636924659295449,HKD
HK2868,DCT2,261,0.03355618410902546,HKD
HK2868,Des-Thin_Limb,329,0.04229879146310105,HKD
HK2868,Endo_GC,125,0.016070969400874262,HKD
HK2868,Endo_Lymphatic,3,0.0003857032656209823,HKD
HK2868,Endo_Peritubular,932,0.11982514785291849,HKD
HK2868,Fibroblast_1,21,0.0026999228593468758,HKD
HK2868,Fibroblast_2,41,0.005271277963486758,HKD
HK2868,GS_Stromal,12,0.0015428130624839291,HKD
HK2868,IC_A,993,0.12766778092054512,HKD
HK2868,IC_B,125,0.016070969400874262,HKD
HK2868,M_TAL,45,0.005785548984314734,HKD
HK2868,Mac,6,0.0007714065312419646,HKD
HK2868,Macula_Densa,178,0.022885060426844947,HKD
HK2868,Mes,3,0.0003857032656209823,HKD
HK2868,NK,1,0.00012856775520699409,HKD
HK2868,Neural_Cells,3,0.0003857032656209823,HKD
HK2868,PC,550,0.07071226536384674,HKD
HK2868,PEC,15,0.0019285163281049112,HKD
HK2868,PT_S1,1297,0.16675237850347133,HKD
HK2868,PT_S2,263,0.033813319619439446,HKD
HK2868,PT_S3,45,0.005785548984314734,HKD
HK2868,Plasma_Cells,4,0.0005142710208279763,HKD
HK2868,Podo,27,0.0034713293905888403,HKD
HK2868,cDC,1,0.00012856775520699409,HKD
HK2868,iPT,536,0.06891231679094884,HKD
HK2891,Ascending_Thin_LOH,134,0.00858974358974359,HKD
HK2891,B_Naive,35,0.0022435897435897434,HKD
HK2891,B_memory,59,0.003782051282051282,HKD
HK2891,Baso/Mast,116,0.007435897435897436,HKD
HK2891,CD14_Mono,25,0.0016025641025641025,HKD
HK2891,CD16_Mono,106,0.006794871794871795,HKD
HK2891,CD4T,778,0.04987179487179487,HKD
HK2891,CD8T,615,0.03942307692307692,HKD
HK2891,CNT,549,0.03519230769230769,HKD
HK2891,C_TAL,802,0.051410256410256414,HKD
HK2891,DCT1,458,0.02935897435897436,HKD
HK2891,DCT2,276,0.01769230769230769,HKD
HK2891,Des-Thin_Limb,225,0.014423076923076924,HKD
HK2891,Endo_GC,643,0.04121794871794872,HKD
HK2891,Endo_Lymphatic,1,6.41025641025641e-05,HKD
HK2891,Endo_Peritubular,1542,0.09884615384615385,HKD
HK2891,Fibroblast_1,307,0.01967948717948718,HKD
HK2891,Fibroblast_2,186,0.011923076923076923,HKD
HK2891,GS_Stromal,32,0.0020512820512820513,HKD
HK2891,IC_A,855,0.05480769230769231,HKD
HK2891,IC_B,277,0.017756410256410258,HKD
HK2891,M_TAL,344,0.02205128205128205,HKD
HK2891,Mac,1172,0.07512820512820513,HKD
HK2891,Macula_Densa,236,0.015128205128205128,HKD
HK2891,Mes,10,0.000641025641025641,HKD
HK2891,MyoFib/VSMC,204,0.013076923076923076,HKD
HK2891,NK,220,0.014102564102564103,HKD
HK2891,Neural_Cells,11,0.0007051282051282052,HKD
HK2891,Neutrophil,171,0.010961538461538462,HKD
HK2891,PC,438,0.028076923076923076,HKD
HK2891,PEC,16,0.0010256410256410256,HKD
HK2891,PT_S1,2192,0.14051282051282052,HKD
HK2891,PT_S2,537,0.034423076923076924,HKD
HK2891,PT_S3,647,0.04147435897435897,HKD
HK2891,Plasma_Cells,8,0.0005128205128205128,HKD
HK2891,Podo,192,0.012307692307692308,HKD
HK2891,Prolif_Lym,7,0.0004487179487179487,HKD
HK2891,RBC,11,0.0007051282051282052,HKD
HK2891,cDC,2,0.0001282051282051282,HKD
HK2891,iPT,1144,0.07333333333333333,HKD
HK2891,pDC,17,0.0010897435897435897,HKD
HK2893,Ascending_Thin_LOH,6,0.00044375416019525185,Control
HK2893,B_memory,1,7.395902669920864e-05,Control
HK2893,CD16_Mono,4,0.00029583610679683456,Control
HK2893,CD4T,26,0.0019229346941794245,Control
HK2893,CD8T,203,0.015013682419939353,Control
HK2893,CNT,75,0.005546927002440648,Control
HK2893,C_TAL,1090,0.08061533910213742,Control
HK2893,DCT1,406,0.030027364839878706,Control
HK2893,DCT2,99,0.007321943643221655,Control
HK2893,Des-Thin_Limb,59,0.00436358257525331,Control
HK2893,Endo_GC,1448,0.10709267066045411,Control
HK2893,Endo_Lymphatic,17,0.0012573034538865468,Control
HK2893,Endo_Peritubular,950,0.07026107536424821,Control
HK2893,Fibroblast_1,416,0.030766955106870792,Control
HK2893,Fibroblast_2,699,0.051697359662746835,Control
HK2893,GS_Stromal,3,0.00022187708009762592,Control
HK2893,IC_A,337,0.02492419199763331,Control
HK2893,IC_B,216,0.015975149767029066,Control
HK2893,M_TAL,3058,0.22616670364618002,Control
HK2893,Mac,12,0.0008875083203905037,Control
HK2893,Macula_Densa,178,0.013164706752459138,Control
HK2893,Mes,28,0.002070852747577842,Control
HK2893,MyoFib/VSMC,221,0.01634494490052511,Control
HK2893,NK,40,0.0029583610679683454,Control
HK2893,Neural_Cells,1,7.395902669920864e-05,Control
HK2893,Neutrophil,2,0.00014791805339841728,Control
HK2893,PC,409,0.030249241919976334,Control
HK2893,PEC,30,0.002218770800976259,Control
HK2893,PT_S1,1045,0.07728718290067303,Control
HK2893,PT_S2,578,0.042748317432142593,Control
HK2893,PT_S3,1530,0.11315731084978922,Control
HK2893,Podo,46,0.0034021152281635972,Control
HK2893,Prolif_Lym,2,0.00014791805339841728,Control
HK2893,RBC,9,0.0006656312402928778,Control
HK2893,cDC,6,0.00044375416019525185,Control
HK2893,iPT,271,0.020042896235485542,Control
HK2895,Ascending_Thin_LOH,4,0.00026229508196721314,Control
HK2895,B_Naive,18,0.001180327868852459,Control
HK2895,B_memory,13,0.0008524590163934427,Control
HK2895,Baso/Mast,1,6.557377049180328e-05,Control
HK2895,CD14_Mono,1,6.557377049180328e-05,Control
HK2895,CD16_Mono,8,0.0005245901639344263,Control
HK2895,CD4T,115,0.0075409836065573775,Control
HK2895,CD8T,161,0.010557377049180328,Control
HK2895,CNT,406,0.02662295081967213,Control
HK2895,C_TAL,812,0.05324590163934426,Control
HK2895,DCT1,847,0.055540983606557376,Control
HK2895,DCT2,509,0.03337704918032787,Control
HK2895,Des-Thin_Limb,311,0.02039344262295082,Control
HK2895,Endo_GC,291,0.019081967213114753,Control
HK2895,Endo_Lymphatic,15,0.0009836065573770492,Control
HK2895,Endo_Peritubular,1203,0.07888524590163934,Control
HK2895,Fibroblast_1,184,0.012065573770491804,Control
HK2895,Fibroblast_2,51,0.0033442622950819673,Control
HK2895,GS_Stromal,13,0.0008524590163934427,Control
HK2895,IC_A,699,0.04583606557377049,Control
HK2895,IC_B,285,0.018688524590163933,Control
HK2895,M_TAL,101,0.006622950819672131,Control
HK2895,Mac,98,0.006426229508196721,Control
HK2895,Macula_Densa,219,0.014360655737704918,Control
HK2895,Mes,13,0.0008524590163934427,Control
HK2895,MyoFib/VSMC,28,0.0018360655737704918,Control
HK2895,NK,28,0.0018360655737704918,Control
HK2895,Neural_Cells,1,6.557377049180328e-05,Control
HK2895,Neutrophil,80,0.005245901639344262,Control
HK2895,PC,348,0.02281967213114754,Control
HK2895,PEC,31,0.0020327868852459017,Control
HK2895,PT_S1,3666,0.24039344262295081,Control
HK2895,PT_S2,2031,0.13318032786885245,Control
HK2895,PT_S3,1832,0.12013114754098361,Control
HK2895,Plasma_Cells,2,0.00013114754098360657,Control
HK2895,Podo,81,0.005311475409836066,Control
HK2895,RBC,10,0.0006557377049180328,Control
HK2895,cDC,4,0.00026229508196721314,Control
HK2895,iPT,730,0.04786885245901639,Control
HK2896,B_Naive,8,0.0019540791402051783,Control
HK2896,B_memory,21,0.005129457743038593,Control
HK2896,CD14_Mono,5,0.0012212994626282364,Control
HK2896,CD16_Mono,19,0.004640937957987298,Control
HK2896,CD4T,87,0.021250610649731314,Control
HK2896,CD8T,80,0.019540791402051783,Control
HK2896,CNT,22,0.00537371763556424,Control
HK2896,C_TAL,23,0.0056179775280898875,Control
HK2896,DCT1,9,0.0021983390327308255,Control
HK2896,DCT2,7,0.001709819247679531,Control
HK2896,Des-Thin_Limb,85,0.02076209086468002,Control
HK2896,Endo_GC,598,0.14606741573033707,Control
HK2896,Endo_Peritubular,128,0.03126526624328285,Control
HK2896,Fibroblast_1,1,0.0002442598925256473,Control
HK2896,Fibroblast_2,4,0.0009770395701025891,Control
HK2896,GS_Stromal,9,0.0021983390327308255,Control
HK2896,IC_A,21,0.005129457743038593,Control
HK2896,IC_B,7,0.001709819247679531,Control
HK2896,M_TAL,1,0.0002442598925256473,Control
HK2896,Mac,33,0.00806057645334636,Control
HK2896,Macula_Densa,1,0.0002442598925256473,Control
HK2896,Mes,2,0.0004885197850512946,Control
HK2896,MyoFib/VSMC,8,0.0019540791402051783,Control
HK2896,NK,34,0.008304836345872008,Control
HK2896,Neural_Cells,1,0.0002442598925256473,Control
HK2896,Neutrophil,62,0.015144113336590131,Control
HK2896,PC,8,0.0019540791402051783,Control
HK2896,PT_S1,1418,0.3463605276013679,Control
HK2896,PT_S2,915,0.22349780166096728,Control
HK2896,PT_S3,434,0.10600879335613092,Control
HK2896,Podo,14,0.003419638495359062,Control
HK2896,RBC,2,0.0004885197850512946,Control
HK2896,cDC,1,0.0002442598925256473,Control
HK2896,iPT,26,0.006350757205666829,Control
HK2898,Ascending_Thin_LOH,4,0.0003848003848003848,Control
HK2898,B_Naive,6,0.0005772005772005772,Control
HK2898,B_memory,8,0.0007696007696007696,Control
HK2898,CD14_Mono,2,0.0001924001924001924,Control
HK2898,CD16_Mono,21,0.00202020202020202,Control
HK2898,CD4T,19,0.0018278018278018277,Control
HK2898,CD8T,74,0.007118807118807119,Control
HK2898,CNT,516,0.04963924963924964,Control
HK2898,C_TAL,333,0.032034632034632034,Control
HK2898,DCT1,1220,0.11736411736411737,Control
HK2898,DCT2,271,0.02607022607022607,Control
HK2898,Des-Thin_Limb,187,0.01798941798941799,Control
HK2898,Endo_GC,183,0.017604617604617605,Control
HK2898,Endo_Peritubular,924,0.08888888888888889,Control
HK2898,Fibroblast_1,52,0.005002405002405002,Control
HK2898,Fibroblast_2,44,0.004232804232804233,Control
HK2898,GS_Stromal,3,0.0002886002886002886,Control
HK2898,IC_A,670,0.06445406445406446,Control
HK2898,IC_B,44,0.004232804232804233,Control
HK2898,M_TAL,44,0.004232804232804233,Control
HK2898,Mac,27,0.0025974025974025974,Control
HK2898,Macula_Densa,63,0.006060606060606061,Control
HK2898,Mes,28,0.0026936026936026937,Control
HK2898,MyoFib/VSMC,7,0.0006734006734006734,Control
HK2898,NK,4,0.0003848003848003848,Control
HK2898,Neural_Cells,2,0.0001924001924001924,Control
HK2898,Neutrophil,2,0.0001924001924001924,Control
HK2898,PC,141,0.013564213564213565,Control
HK2898,PEC,23,0.0022126022126022125,Control
HK2898,PT_S1,2558,0.2460798460798461,Control
HK2898,PT_S2,1129,0.10860990860990861,Control
HK2898,PT_S3,1252,0.12044252044252045,Control
HK2898,Plasma_Cells,3,0.0002886002886002886,Control
HK2898,Podo,16,0.0015392015392015391,Control
HK2898,RBC,1,9.62000962000962e-05,Control
HK2898,cDC,1,9.62000962000962e-05,Control
HK2898,iPT,513,0.04935064935064935,Control
HK2899,B_Naive,2,0.000667334000667334,Control
HK2899,B_memory,1,0.000333667000333667,Control
HK2899,CD16_Mono,4,0.001334668001334668,Control
HK2899,CD4T,2,0.000667334000667334,Control
HK2899,CD8T,3,0.001001001001001001,Control
HK2899,CNT,193,0.06439773106439774,Control
HK2899,C_TAL,263,0.08775442108775443,Control
HK2899,DCT1,644,0.21488154821488153,Control
HK2899,DCT2,111,0.037037037037037035,Control
HK2899,Des-Thin_Limb,24,0.008008008008008008,Control
HK2899,Endo_GC,130,0.04337671004337671,Control
HK2899,Endo_Peritubular,73,0.02435769102435769,Control
HK2899,Fibroblast_1,13,0.004337671004337671,Control
HK2899,Fibroblast_2,32,0.010677344010677344,Control
HK2899,GS_Stromal,4,0.001334668001334668,Control
HK2899,IC_A,317,0.10577243910577244,Control
HK2899,IC_B,45,0.015015015015015015,Control
HK2899,M_TAL,33,0.011011011011011011,Control
HK2899,Mac,5,0.001668335001668335,Control
HK2899,Macula_Densa,10,0.00333667000333667,Control
HK2899,Mes,7,0.002335669002335669,Control
HK2899,MyoFib/VSMC,4,0.001334668001334668,Control
HK2899,Neural_Cells,4,0.001334668001334668,Control
HK2899,PC,78,0.026026026026026026,Control
HK2899,PEC,28,0.009342676009342675,Control
HK2899,PT_S1,581,0.19386052719386052,Control
HK2899,PT_S2,110,0.03670337003670337,Control
HK2899,PT_S3,27,0.009009009009009009,Control
HK2899,Podo,70,0.02335669002335669,Control
HK2899,cDC,1,0.000333667000333667,Control
HK2899,iPT,178,0.05939272605939273,Control
HK2923,B_Naive,23,0.004508036064288515,Control
HK2923,B_memory,1,0.0001960015680125441,Control
HK2923,CD14_Mono,6,0.0011760094080752645,Control
HK2923,CD16_Mono,31,0.006076048608388867,Control
HK2923,CD4T,36,0.007056056448451587,Control
HK2923,CD8T,35,0.006860054880439044,Control
HK2923,CNT,34,0.006664053312426499,Control
HK2923,C_TAL,170,0.033320266562132494,Control
HK2923,DCT1,58,0.011368090944727557,Control
HK2923,DCT2,30,0.005880047040376323,Control
HK2923,Des-Thin_Limb,21,0.004116032928263426,Control
HK2923,Endo_GC,603,0.11818894551156409,Control
HK2923,Endo_Peritubular,196,0.03841630733045864,Control
HK2923,Fibroblast_1,1,0.0001960015680125441,Control
HK2923,Fibroblast_2,11,0.002156017248137985,Control
HK2923,IC_A,218,0.042728341826734614,Control
HK2923,IC_B,3,0.0005880047040376323,Control
HK2923,M_TAL,41,0.008036064288514309,Control
HK2923,Mac,102,0.0199921599372795,Control
HK2923,Macula_Densa,32,0.006272050176401411,Control
HK2923,NK,54,0.010584084672677381,Control
HK2923,Neural_Cells,1,0.0001960015680125441,Control
HK2923,Neutrophil,38,0.007448059584476676,Control
HK2923,PC,11,0.002156017248137985,Control
HK2923,PT_S1,1872,0.36691493531948255,Control
HK2923,PT_S2,730,0.1430811446491572,Control
HK2923,PT_S3,682,0.1336730693845551,Control
HK2923,Plasma_Cells,2,0.0003920031360250882,Control
HK2923,Podo,10,0.001960015680125441,Control
HK2923,Prolif_Lym,2,0.0003920031360250882,Control
HK2923,iPT,47,0.009212073696589572,Control
HK2923,pDC,1,0.0001960015680125441,Control
HK2924,Ascending_Thin_LOH,12,0.0040609137055837565,Control
HK2924,B_Naive,11,0.003722504230118443,Control
HK2924,B_memory,1,0.00033840947546531303,Control
HK2924,CD14_Mono,4,0.0013536379018612521,Control
HK2924,CD16_Mono,65,0.021996615905245348,Control
HK2924,CD4T,105,0.03553299492385787,Control
HK2924,CD8T,218,0.07377326565143824,Control
HK2924,CNT,8,0.0027072758037225042,Control
HK2924,C_TAL,60,0.02030456852791878,Control
HK2924,DCT1,8,0.0027072758037225042,Control
HK2924,DCT2,3,0.0010152284263959391,Control
HK2924,Des-Thin_Limb,20,0.00676818950930626,Control
HK2924,Endo_GC,878,0.2971235194585448,Control
HK2924,Endo_Peritubular,100,0.0338409475465313,Control
HK2924,Fibroblast_1,3,0.0010152284263959391,Control
HK2924,Fibroblast_2,10,0.00338409475465313,Control
HK2924,GS_Stromal,1,0.00033840947546531303,Control
HK2924,IC_A,112,0.03790186125211506,Control
HK2924,IC_B,4,0.0013536379018612521,Control
HK2924,M_TAL,5,0.001692047377326565,Control
HK2924,Mac,31,0.010490693739424704,Control
HK2924,Macula_Densa,8,0.0027072758037225042,Control
HK2924,NK,115,0.038917089678511,Control
HK2924,Neural_Cells,2,0.0006768189509306261,Control
HK2924,Neutrophil,94,0.031810490693739424,Control
HK2924,PC,37,0.012521150592216581,Control
HK2924,PT_S1,766,0.2592216582064298,Control
HK2924,PT_S2,150,0.050761421319796954,Control
HK2924,PT_S3,108,0.03654822335025381,Control
HK2924,Plasma_Cells,3,0.0010152284263959391,Control
HK2924,Podo,5,0.001692047377326565,Control
HK2924,RBC,3,0.0010152284263959391,Control
HK2924,iPT,5,0.001692047377326565,Control
HK2976,CNT,2,0.16666666666666666,HKD
HK2976,PC,1,0.08333333333333333,HKD
HK2976,PT_S2,1,0.08333333333333333,HKD
HK2976,iPT,8,0.6666666666666666,HKD
