celltype,gene,delta,p,n_dis,n_ref,fdr
Endo_GC,SLC5A10,-0.791688128907292,0.19147999453872755,6,14,0.8443968442710696
Endo_GC,CYFIP2,-0.7107244434076849,0.5913235873966158,6,14,0.939909745863352
Endo_GC,RELB,0.21580919384881891,0.44416924664602686,6,14,0.9248188814560409
Endo_GC,ACAT1,0.036537199083333416,0.6589783281733748,6,14,0.9572707231571722
Endo_GC,ARMC7,0.5312966859366881,0.48260133382538994,6,14,0.929785529945715
Endo_GC,PAX8,-0.6755733147971834,0.4816079507345098,6,14,0.929785529945715
Endo_GC,ENPEP,-1.178570711494552,0.2099196817783886,6,14,0.8443968442710696
Endo_GC,IL1RL1,-0.10313669283737559,0.8684867960786329,6,14,1.0
Endo_GC,DCN,-0.13250791003132578,0.7045220896855977,6,14,0.9583748701643443
Endo_GC,ALDH8A1,-0.3721359255795673,0.691686702387296,6,14,0.9583748701643443
Endo_GC,SLC2A9,0.5338344162406847,0.4093168953230337,6,14,0.8945266619685225
Endo_GC,SLC9A3,0.04104709380311289,0.9614060528694802,6,14,1.0
Endo_GC,UMOD,-0.6174273996069072,0.44284079349553684,6,14,0.9248188814560409
Endo_GC,PPARA,-0.9757622298999564,0.34214601262009736,6,14,0.8786882238275427
Endo_GC,AMN,-1.489776183938548,0.036822247236141845,6,14,0.8368516706124336
Endo_GC,ACTA2,0.806305324206035,0.11571456968803032,6,14,0.8368516706124336
Endo_GC,KCNJ15,-1.7410149833745203,0.05794467600624785,6,14,0.8368516706124336
Endo_GC,PEPD,0.09684711137517299,0.35304437564499486,6,14,0.8786882238275427
Endo_GC,TNF,-0.4096157905508593,0.5573117940192673,6,14,0.9310635086495136
Endo_GC,EFHD1,-0.9685888166584193,0.30182086773325956,6,14,0.8786882238275427
Endo_GC,SOST,-1.654479295385055,0.30182086773325956,6,14,0.8786882238275427
Endo_GC,SLC17A3,-0.44619461744356426,0.7068158686648962,6,14,0.9584950100908551
Endo_GC,ALDOB,-1.290532362711999,0.14353560478533395,6,14,0.8368516706124336
Endo_GC,MME,-2.1167466549954956,0.05794467600624785,6,14,0.8368516706124336
Endo_GC,LGALS2,-1.103489796875663,0.10965889655910434,6,14,0.8368516706124336
Endo_GC,BDH2,-0.30074494069446445,0.20743034055727555,6,14,0.8443968442710696
Endo_GC,FN1,-0.47833709925298074,0.5466460268317854,6,14,0.929785529945715
Endo_GC,BICC1,-0.5245997270693574,0.5584802879104449,6,14,0.9310635086495136
Endo_GC,ICAM1,-0.2635961654957737,0.44416924664602686,6,14,0.9248188814560409
Endo_GC,HAVCR1,-0.5191182330670201,0.2263823516772634,6,14,0.8722970828259046
Endo_GC,TDGF1,-0.308763167400832,1.0,6,14,1.0
Endo_GC,TM7SF3,0.07442369941854299,0.7180598555211559,6,14,0.9608447290127773
Endo_GC,CD24,-0.06637855018603611,1.0,6,14,1.0
Endo_GC,VCAM1,0.4324255470390055,0.9670927530407483,6,14,1.0
Endo_GC,VIM,-0.5531898040475509,0.3970072239422085,6,14,0.8945266619685225
Endo_GC,HOXA9,-1.1062722772580145,0.06150031213899141,6,14,0.8368516706124336
Endo_GC,RGL3,0.8598602328495728,0.3426914163606283,6,14,0.8786882238275427
Endo_GC,COL1A1,-0.2084087471492603,0.17485223427109897,6,14,0.8443968442710696
Endo_GC,JUN,-1.0958989794651526,0.0913312693498452,6,14,0.8368516706124336
Endo_GC,DPEP1,-0.6101879425055279,0.28180396762645366,6,14,0.8786882238275427
Endo_GC,TCN2,0.15030600957466733,0.6589783281733748,6,14,0.9572707231571722
Endo_GC,OCIAD2,-0.6681766407802301,0.6589783281733748,6,14,0.9572707231571722
Endo_GC,SOX9,-0.1527834024343161,0.47658540181237796,6,14,0.929785529945715
Endo_GC,TWIST1,0.2691365501061312,0.5265719745968565,6,14,0.929785529945715
Endo_GC,SNAI1,-0.8983682581235235,0.26370756198341605,6,14,0.8786882238275427
Endo_GC,BCAM,-0.8024488313342504,0.0913312693498452,6,14,0.8368516706124336
Endo_GC,CRB2,-0.45069521170717175,0.17485223427109897,6,14,0.8443968442710696
Endo_GC,CCL2,-0.4753555462517731,0.6789091160046312,6,14,0.9583748701643443
Endo_GC,CUBN,-1.610050616880585,0.17192570269638963,6,14,0.8443968442710696
Endo_GC,FOS,-1.7392293632012086,0.006449948400412796,6,14,0.8368516706124336
Endo_GC,ACSF2,-0.852593636791781,0.26189273921379064,6,14,0.8786882238275427
Endo_GC,SHMT1,-1.2470521818234157,0.14584872057176643,6,14,0.8368516706124336
Endo_GC,AOC1,-0.2969444181641061,0.691686702387296,6,14,0.9583748701643443
Endo_GC,HNF4A,-0.8155237168340821,0.3065152867283847,6,14,0.8786882238275427
Endo_GC,PROM1,0.3656561372412759,0.533091507390903,6,14,0.929785529945715
Endo_GC,ACY1,-1.033544535376029,0.1483031587782307,6,14,0.8368516706124336
PT_S1,SLC5A10,-0.14485762967724725,0.9563025210084034,4,13,1.0
PT_S1,CYFIP2,-0.8603477404000204,0.20168067226890757,4,13,0.8443968442710696
PT_S1,RELB,-0.03192427268645148,0.5500135021642354,4,13,0.9305364387068635
PT_S1,ACAT1,0.5314915381683818,0.9563025210084034,4,13,1.0
PT_S1,ARMC7,-1.0680781488916387,0.17158289452874065,4,13,0.8443968442710696
PT_S1,PAX8,-1.3008558070740248,0.10168067226890756,4,13,0.8368516706124336
PT_S1,ENPEP,-0.7967625916348648,0.35042016806722687,4,13,0.8786882238275427
PT_S1,IL1RL1,-0.3097241296542812,0.281957755008293,4,13,0.8786882238275427
PT_S1,DCN,-0.43879276592539174,0.5001179511964575,4,13,0.929785529945715
PT_S1,ALDH8A1,-0.3385026511424556,0.47731092436974787,4,13,0.929785529945715
PT_S1,SLC2A9,-0.310280353258257,0.7848739495798319,4,13,0.9755119906000199
PT_S1,SLC9A3,-1.502671495830205,0.27611300608833367,4,13,0.8786882238275427
PT_S1,UMOD,0.34439949589452,0.6882399873778804,4,13,0.9583748701643443
PT_S1,PPARA,-0.6632635467488583,0.6235294117647058,4,13,0.939909745863352
PT_S1,AMN,-0.20916690935677096,0.9563025210084034,4,13,1.0
PT_S1,ACTA2,-0.6198313496834146,0.22869238966620464,4,13,0.8722970828259046
PT_S1,KCNJ15,-1.3389403788245398,0.015126050420168066,4,13,0.8368516706124336
PT_S1,PEPD,0.2704404097863078,0.7033613445378151,4,13,0.9583748701643443
PT_S1,TNF,-0.1005773638899027,0.34912779980308883,4,13,0.8786882238275427
PT_S1,EFHD1,0.23129326521112326,0.6235294117647058,4,13,0.939909745863352
PT_S1,SOST,-0.17403218862762326,0.5811515700432519,4,13,0.9338447036563015
PT_S1,SLC17A3,-0.36572470811401914,0.7033613445378151,4,13,0.9583748701643443
PT_S1,ALDOB,0.20601997588088317,0.8705882352941177,4,13,1.0
PT_S1,MME,-1.1974397912569952,0.13025210084033614,4,13,0.8368516706124336
PT_S1,LGALS2,0.5316685528501317,0.6235294117647058,4,13,0.939909745863352
PT_S1,BDH2,0.13659391864335557,0.8705882352941177,4,13,1.0
PT_S1,FN1,-0.9116709849752416,0.022146857526296755,4,13,0.8368516706124336
PT_S1,BICC1,-1.920681026615961,0.2957983193277311,4,13,0.8786882238275427
PT_S1,ICAM1,0.6845001042773043,0.33464344415737524,4,13,0.8786882238275427
PT_S1,HAVCR1,-0.6091476966152487,0.318636643980723,4,13,0.8786882238275427
PT_S1,TDGF1,-0.14651543626118108,0.1819747668581857,4,13,0.8443968442710696
PT_S1,TM7SF3,-0.2759831680652347,0.35042016806722687,4,13,0.8786882238275427
PT_S1,CD24,-0.023935067651015274,0.8705882352941177,4,13,1.0
PT_S1,VCAM1,-0.8324825162696396,0.4117647058823529,4,13,0.8945266619685225
PT_S1,VIM,0.8269572791801192,0.6101655486408006,4,13,0.939909745863352
PT_S1,HOXA9,-0.9107504043405812,0.7848739495798319,4,13,0.9755119906000199
PT_S1,RGL3,-0.8985499284840281,0.33464344415737524,4,13,0.8786882238275427
PT_S1,COL1A1,-0.17532178770271978,1.0,4,13,1.0
PT_S1,JUN,1.3459419743721344,0.07899159663865546,4,13,0.8368516706124336
PT_S1,DPEP1,0.014007314001988291,1.0,4,13,1.0
PT_S1,TCN2,-0.26388521625112027,0.35042016806722687,4,13,0.8786882238275427
PT_S1,OCIAD2,0.7089124683235903,0.20168067226890757,4,13,0.8443968442710696
PT_S1,SOX9,-0.8697706218028356,0.21013024637224342,4,13,0.8443968442710696
PT_S1,TWIST1,-0.1794179066563878,0.12760732632782879,4,13,0.8368516706124336
PT_S1,SNAI1,-0.11844114349773684,0.7404794063991285,4,13,0.9734001586467417
PT_S1,BCAM,-0.36387689876535134,0.8705882352941177,4,13,1.0
PT_S1,CRB2,-0.16604119234134027,0.5261874887941265,4,13,0.929785529945715
PT_S1,CCL2,0.7478763651631373,0.7998551078829872,4,13,0.9772655064389818
PT_S1,CUBN,-0.9207103737846429,0.24537815126050422,4,13,0.8786882238275427
PT_S1,FOS,1.3982291334068053,0.044537815126050415,4,13,0.8368516706124336
PT_S1,ACSF2,-1.9788227566899157,0.10168067226890756,4,13,0.8368516706124336
PT_S1,SHMT1,-0.1520540908147936,0.16302521008403362,4,13,0.8368516706124336
PT_S1,AOC1,0.49252358440628896,0.5487394957983193,4,13,0.929785529945715
PT_S1,HNF4A,-1.0399176220544835,0.044537815126050415,4,13,0.8368516706124336
PT_S1,PROM1,0.2009718927187254,0.9532208834586287,4,13,1.0
PT_S1,ACY1,0.18343525000031935,0.2957983193277311,4,13,0.8786882238275427
PT_S2,SLC5A10,-0.10030649757921228,0.9563025210084034,4,13,1.0
PT_S2,CYFIP2,-0.2283382039124504,0.47731092436974787,4,13,0.929785529945715
PT_S2,RELB,0.8086457298450263,0.6854190470989352,4,13,0.9583748701643443
PT_S2,ACAT1,-0.10834488194290781,0.7033613445378151,4,13,0.9583748701643443
PT_S2,ARMC7,0.34866486411936437,0.6911669933339837,4,13,0.9583748701643443
PT_S2,PAX8,-0.46933281587750475,0.47731092436974787,4,13,0.929785529945715
PT_S2,ENPEP,-0.11233059677104595,1.0,4,13,1.0
PT_S2,IL1RL1,-0.4018404813021898,0.08701491251623492,4,13,0.8368516706124336
PT_S2,DCN,0.2425027911632045,0.75922253564205,4,13,0.9751482109163945
PT_S2,ALDH8A1,-0.21650317527593366,0.2957983193277311,4,13,0.8786882238275427
PT_S2,SLC2A9,0.7966447779276065,0.2957983193277311,4,13,0.8786882238275427
PT_S2,SLC9A3,-1.4399697448887903,0.44569408866240456,4,13,0.9248188814560409
PT_S2,UMOD,1.2051071820669643,0.15185305959631765,4,13,0.8368516706124336
PT_S2,PPARA,-0.4775624987685214,0.7033613445378151,4,13,0.9583748701643443
PT_S2,AMN,-0.12571581001376408,0.7033613445378151,4,13,0.9583748701643443
PT_S2,ACTA2,1.1193823810172645,0.24712118165964003,4,13,0.8786882238275427
PT_S2,KCNJ15,-0.6826257756190568,0.35042016806722687,4,13,0.8786882238275427
PT_S2,PEPD,-0.02338426573192809,1.0,4,13,1.0
PT_S2,TNF,0.6431821295314669,0.6095614916088692,4,13,0.939909745863352
PT_S2,EFHD1,-0.49146919437813574,0.10168067226890756,4,13,0.8368516706124336
PT_S2,SOST,-0.6974920071138316,0.08701491251623492,4,13,0.8368516706124336
PT_S2,SLC17A3,-0.17866862762661384,0.9563025210084034,4,13,1.0
PT_S2,ALDOB,-0.25604923808198166,0.7033613445378151,4,13,0.9583748701643443
PT_S2,MME,-0.49363352909875857,0.5487394957983193,4,13,0.929785529945715
PT_S2,LGALS2,0.06895189150680459,0.9563025210084034,4,13,1.0
PT_S2,BDH2,-0.3220401581263834,0.4117647058823529,4,13,0.8945266619685225
PT_S2,FN1,1.367108764647933,0.34172883982979807,4,13,0.8786882238275427
PT_S2,BICC1,-0.4308488496457814,0.7033613445378151,4,13,0.9583748701643443
PT_S2,ICAM1,-0.2940910642703778,0.3388783513238025,4,13,0.8786882238275427
PT_S2,HAVCR1,-0.08983810509485513,0.7723192716932581,4,13,0.9755119906000199
PT_S2,TDGF1,-0.14437286336138275,0.8882691648094992,4,13,1.0
PT_S2,TM7SF3,-0.36778963531820175,0.47731092436974787,4,13,0.929785529945715
PT_S2,CD24,0.01234334888609645,0.7848739495798319,4,13,0.9755119906000199
PT_S2,VCAM1,-0.45803389112428317,0.4966419472144943,4,13,0.929785529945715
PT_S2,VIM,0.09959780331615464,0.9547418558308512,4,13,1.0
PT_S2,HOXA9,-0.9901678076247888,0.4117647058823529,4,13,0.8945266619685225
PT_S2,RGL3,-0.6946701954391343,0.3928503991576079,4,13,0.8945266619685225
PT_S2,COL1A1,0.009569735974375937,0.9393654770154353,4,13,1.0
PT_S2,JUN,0.07405930666240668,0.8705882352941177,4,13,1.0
PT_S2,DPEP1,-0.23974484462799062,0.5487394957983193,4,13,0.929785529945715
PT_S2,TCN2,0.07922587036073026,0.7033613445378151,4,13,0.9583748701643443
PT_S2,OCIAD2,0.36326977033684393,0.5487394957983193,4,13,0.929785529945715
PT_S2,SOX9,-1.359633556910262,0.17158289452874065,4,13,0.8443968442710696
PT_S2,TWIST1,-0.09637725092536618,0.34912779980308883,4,13,0.8786882238275427
PT_S2,SNAI1,0.5983769700608862,0.6095614916088692,4,13,0.939909745863352
PT_S2,BCAM,0.6693747026143511,0.4117647058823529,4,13,0.8945266619685225
PT_S2,CRB2,-0.2418210717511326,0.25386535342313743,4,13,0.8786882238275427
PT_S2,CCL2,0.4979730223153812,1.0,4,13,1.0
PT_S2,CUBN,-0.3533141152436059,0.6235294117647058,4,13,0.939909745863352
PT_S2,FOS,1.3061922750770565,0.12613769431297328,4,13,0.8368516706124336
PT_S2,ACSF2,-0.3511162772101333,0.7033613445378151,4,13,0.9583748701643443
PT_S2,SHMT1,-0.4971818433061488,0.059663865546218484,4,13,0.8368516706124336
PT_S2,AOC1,0.4675493524423997,0.8705882352941177,4,13,1.0
PT_S2,HNF4A,-1.4008470349225872,0.2957983193277311,4,13,0.8786882238275427
PT_S2,PROM1,0.7553857934529437,0.590600587914583,4,13,0.939909745863352
PT_S2,ACY1,-1.3272543532519574,0.7848739495798319,4,13,0.9755119906000199
PT_S3,SLC5A10,-0.27434642629844674,0.7848739495798319,4,13,0.9755119906000199
PT_S3,CYFIP2,0.1895522933090179,0.7033613445378151,4,13,0.9583748701643443
PT_S3,RELB,0.47974802407371087,0.7744160539039036,4,13,0.9755119906000199
PT_S3,ACAT1,0.010828389184696086,1.0,4,13,1.0
PT_S3,ARMC7,-0.008423012283020892,0.9538533701506823,4,13,1.0
PT_S3,PAX8,-0.08306817965108593,0.7848739495798319,4,13,0.9755119906000199
PT_S3,ENPEP,-1.2994712204732881,0.7848739495798319,4,13,0.9755119906000199
PT_S3,IL1RL1,0.0018224847255222665,1.0,4,13,1.0
PT_S3,DCN,-0.4218593584071224,0.4731964889153355,4,13,0.929785529945715
PT_S3,ALDH8A1,-1.2937219646073919,0.11270300594935319,4,13,0.8368516706124336
PT_S3,SLC2A9,-0.7652967118693095,1.0,4,13,1.0
PT_S3,SLC9A3,-0.6315012861305598,0.6059340196377416,4,13,0.939909745863352
PT_S3,UMOD,0.2557528666179891,0.9532208834586287,4,13,1.0
PT_S3,PPARA,-1.2035264488079624,0.7033613445378151,4,13,0.9583748701643443
PT_S3,AMN,-0.41861508727033936,0.16302521008403362,4,13,0.8368516706124336
PT_S3,ACTA2,0.8891371705593718,0.597525010254158,4,13,0.939909745863352
PT_S3,KCNJ15,-0.31106149969235997,0.7033613445378151,4,13,0.9583748701643443
PT_S3,PEPD,-0.2015178508948905,0.6235294117647058,4,13,0.939909745863352
PT_S3,TNF,-0.4121147167674825,0.34912779980308883,4,13,0.8786882238275427
PT_S3,EFHD1,0.16533171987370743,0.8705882352941177,4,13,1.0
PT_S3,SOST,-0.48470071061216063,0.12760732632782879,4,13,0.8368516706124336
PT_S3,SLC17A3,-0.8974368338378085,0.7033613445378151,4,13,0.9583748701643443
PT_S3,ALDOB,-0.9068338599395425,0.4117647058823529,4,13,0.8945266619685225
PT_S3,MME,-1.7177245217559305,0.20168067226890757,4,13,0.8443968442710696
PT_S3,LGALS2,-0.39244158090059145,0.6235294117647058,4,13,0.939909745863352
PT_S3,BDH2,-0.25245401062602735,0.6235294117647058,4,13,0.939909745863352
PT_S3,FN1,0.27228985767290326,0.947183796992526,4,13,1.0
PT_S3,BICC1,0.21939014813844793,0.8705882352941177,4,13,1.0
PT_S3,ICAM1,0.36968166092467925,0.7998551078829872,4,13,0.9772655064389818
PT_S3,HAVCR1,0.6159521218538173,0.510850547350479,4,13,0.929785529945715
PT_S3,TDGF1,-0.10018611623362388,0.34912779980308883,4,13,0.8786882238275427
PT_S3,TM7SF3,-1.1401787674606645,0.9563025210084034,4,13,1.0
PT_S3,CD24,-0.6526645676053269,0.8207392296758979,4,13,0.9842340832756168
PT_S3,VCAM1,-0.5400997706787174,0.5710636275686423,4,13,0.9310635086495136
PT_S3,VIM,-0.7149308038267406,0.6081781592560467,4,13,0.939909745863352
PT_S3,HOXA9,-0.8285606705605413,0.6235294117647058,4,13,0.939909745863352
PT_S3,RGL3,0.06367140288951889,0.7765900055372532,4,13,0.9755119906000199
PT_S3,COL1A1,0.21942794298030457,0.362989457545282,4,13,0.8895410663123436
PT_S3,JUN,0.040149456432278186,1.0,4,13,1.0
PT_S3,DPEP1,-1.245273789887774,0.6235294117647058,4,13,0.939909745863352
PT_S3,TCN2,-1.0636180898603853,0.14078800473351466,4,13,0.8368516706124336
PT_S3,OCIAD2,0.22358390973228914,1.0,4,13,1.0
PT_S3,SOX9,-1.5893635950734342,0.08746592694500095,4,13,0.8368516706124336
PT_S3,TWIST1,-0.16984321474972766,0.25386535342313743,4,13,0.8786882238275427
PT_S3,SNAI1,-0.18988558170467534,0.34912779980308883,4,13,0.8786882238275427
PT_S3,BCAM,-1.3015747603667869,0.39547599258868205,4,13,0.8945266619685225
PT_S3,CRB2,-0.24269861137700055,0.1819747668581857,4,13,0.8443968442710696
PT_S3,CCL2,0.24149771896295802,0.6678485195602268,4,13,0.9583748701643443
PT_S3,CUBN,-0.7914737220915136,0.6235294117647058,4,13,0.939909745863352
PT_S3,FOS,0.963239382394903,0.4117647058823529,4,13,0.8945266619685225
PT_S3,ACSF2,-1.6244674504808065,0.2957983193277311,4,13,0.8786882238275427
PT_S3,SHMT1,-0.3714761444886294,0.2957983193277311,4,13,0.8786882238275427
PT_S3,AOC1,0.32978349590543266,0.9563025210084034,4,13,1.0
PT_S3,HNF4A,-0.18087477325362578,0.7033613445378151,4,13,0.9583748701643443
PT_S3,PROM1,0.5918825206335294,0.75922253564205,4,13,0.9751482109163945
PT_S3,ACY1,-0.5077977385404262,0.47731092436974787,4,13,0.929785529945715
iPT,SLC5A10,-0.6583160385081817,0.10168067226890756,4,13,0.8368516706124336
iPT,CYFIP2,-0.18353771191883528,0.5487394957983193,4,13,0.929785529945715
iPT,RELB,1.103330898162696,0.46064170388785897,4,13,0.929785529945715
iPT,ACAT1,-0.724332848192291,0.13025210084033614,4,13,0.8368516706124336
iPT,ARMC7,-0.2685413001520143,0.2957983193277311,4,13,0.8786882238275427
iPT,PAX8,0.29550309630192384,0.47731092436974787,4,13,0.929785529945715
iPT,ENPEP,-0.4842824746158545,0.4117647058823529,4,13,0.8945266619685225
iPT,IL1RL1,-0.6104959646607622,0.5187404882944637,4,13,0.929785529945715
iPT,DCN,-0.3160852213292651,0.8576848984223515,4,13,1.0
iPT,ALDH8A1,-0.6339644285477779,0.10168067226890756,4,13,0.8368516706124336
iPT,SLC2A9,1.480079381975636,0.10168067226890756,4,13,0.8368516706124336
iPT,SLC9A3,-0.17105027238964854,0.9532208834586287,4,13,1.0
iPT,UMOD,-1.0036241036315205,0.6678485195602268,4,13,0.9583748701643443
iPT,PPARA,-1.002847229064007,0.4117647058823529,4,13,0.8945266619685225
iPT,AMN,-0.5756593037210722,0.16302521008403362,4,13,0.8368516706124336
iPT,ACTA2,0.17088892512131548,0.909294914262935,4,13,1.0
iPT,KCNJ15,-0.21107154572051012,0.47731092436974787,4,13,0.929785529945715
iPT,PEPD,-0.5604359261637519,0.10168067226890756,4,13,0.8368516706124336
iPT,TNF,0.9879490599309205,0.0350811873934969,4,13,0.8368516706124336
iPT,EFHD1,-0.44289654527340394,0.2957983193277311,4,13,0.8786882238275427
iPT,SOST,-0.6145649293800637,0.34912779980308883,4,13,0.8786882238275427
iPT,SLC17A3,-0.11159223700713827,0.7848739495798319,4,13,0.9755119906000199
iPT,ALDOB,-4.034741773782393,0.012683403176171632,4,13,0.8368516706124336
iPT,MME,-2.4378558544017936,0.044537815126050415,4,13,0.8368516706124336
iPT,LGALS2,-1.0533447170544434,0.20168067226890757,4,13,0.8443968442710696
iPT,BDH2,-0.7190249038649554,0.07899159663865546,4,13,0.8368516706124336
iPT,FN1,0.9429705795071806,0.1979869675109155,4,13,0.8443968442710696
iPT,BICC1,0.7777478747514923,0.9563025210084034,4,13,1.0
iPT,ICAM1,-0.3361682407102491,0.45616974594209625,4,13,0.929785529945715
iPT,HAVCR1,1.5680531205299744,0.08255408167744277,4,13,0.8368516706124336
iPT,TDGF1,0.1290874210668754,0.10583186227957093,4,13,0.8368516706124336
iPT,TM7SF3,-0.1258205449604839,0.7848739495798319,4,13,0.9755119906000199
iPT,CD24,-0.3573673237631452,0.47731092436974787,4,13,0.929785529945715
iPT,VCAM1,-0.3225307409937681,0.24537815126050422,4,13,0.8786882238275427
iPT,VIM,-0.04165782758181891,0.7848739495798319,4,13,0.9755119906000199
iPT,HOXA9,-0.4545718025148604,0.9563025210084034,4,13,1.0
iPT,RGL3,0.9851068380108301,0.864806162594201,4,13,1.0
iPT,COL1A1,0.3240280902615664,0.597525010254158,4,13,0.939909745863352
iPT,JUN,-0.9799408493141506,0.0058823529411764705,4,13,0.8368516706124336
iPT,DPEP1,-0.6311585181948809,0.20168067226890757,4,13,0.8443968442710696
iPT,TCN2,0.2200386378249335,0.776990669751781,4,13,0.9755119906000199
iPT,OCIAD2,0.28353880637384776,0.4117647058823529,4,13,0.8945266619685225
iPT,SOX9,0.46080228816073454,0.7765900055372532,4,13,0.9755119906000199
iPT,TWIST1,-0.15844247065641356,0.9393654770154353,4,13,1.0
iPT,SNAI1,0.010641878918921918,0.4792361838703415,4,13,0.929785529945715
iPT,BCAM,-0.9427613586386085,0.42773119769686774,4,13,0.9164232736436219
iPT,CRB2,-0.5152035091921009,0.7284327833648929,4,13,0.9680337405066219
iPT,CCL2,-0.2236700784417176,1.0,4,13,1.0
iPT,CUBN,-0.7412526693618675,0.10168067226890756,4,13,0.8368516706124336
iPT,FOS,-1.3543280434326257,0.059663865546218484,4,13,0.8368516706124336
iPT,ACSF2,-1.6857398051351913,0.059663865546218484,4,13,0.8368516706124336
iPT,SHMT1,-0.32488000433171127,0.2957983193277311,4,13,0.8786882238275427
iPT,AOC1,-1.438584856557085,0.15594914269245924,4,13,0.8368516706124336
iPT,HNF4A,-1.9139932343126476,0.07899159663865546,4,13,0.8368516706124336
iPT,PROM1,0.8007585383614897,0.38989376886579674,4,13,0.8945266619685225
iPT,ACY1,-1.2481502923093015,0.059663865546218484,4,13,0.8368516706124336
C_TAL,SLC5A10,-0.0489056702138031,0.9639945492528333,6,14,1.0
C_TAL,CYFIP2,-0.32019359074936915,0.6589783281733748,6,14,0.9572707231571722
C_TAL,RELB,0.8169648917112289,0.21428947867143555,6,14,0.8510787805390349
C_TAL,ACAT1,-0.4991538843826402,0.6589783281733748,6,14,0.9572707231571722
C_TAL,ARMC7,0.3679757977303675,0.30182086773325956,6,14,0.8786882238275427
C_TAL,PAX8,-0.28341886375755365,0.9043859649122807,6,14,1.0
C_TAL,ENPEP,-1.341145864394591,0.1324414591068191,6,14,0.8368516706124336
C_TAL,IL1RL1,-0.16537002919909546,0.6256974722026203,6,14,0.9419101732082457
C_TAL,DCN,0.020174442612285848,0.9639945492528333,6,14,1.0
C_TAL,ALDH8A1,-0.6864537180730228,0.16438157815601373,6,14,0.8368516706124336
C_TAL,SLC2A9,0.22529735251297645,0.6971851069642743,6,14,0.9583748701643443
C_TAL,SLC9A3,-1.0894454400933724,0.33921519304332615,6,14,0.8786882238275427
C_TAL,UMOD,-0.9664990213011695,0.7790505675954593,6,14,0.9755119906000199
C_TAL,PPARA,-0.9502233230762953,0.35304437564499486,6,14,0.8786882238275427
C_TAL,AMN,-0.0882823258152714,0.9002238035832035,6,14,1.0
C_TAL,ACTA2,0.9932351583366332,0.05633876677634452,6,14,0.8368516706124336
C_TAL,KCNJ15,-1.457957755110691,0.042522931455211285,6,14,0.8368516706124336
C_TAL,PEPD,-0.6412901451419439,0.49396284829721365,6,14,0.929785529945715
C_TAL,TNF,0.7553668015065945,0.09292404677702613,6,14,0.8368516706124336
C_TAL,EFHD1,-0.03405592484593267,0.6589783281733748,6,14,0.9572707231571722
C_TAL,SOST,-0.4824640571591022,0.11600323174036117,6,14,0.8368516706124336
C_TAL,SLC17A3,-0.5587244060164798,0.5740706031639946,6,14,0.9310635086495136
C_TAL,ALDOB,-2.7279140953992758,0.010791912280395128,6,14,0.8368516706124336
C_TAL,MME,-1.8919390469874,0.01631697879370777,6,14,0.8368516706124336
C_TAL,LGALS2,-0.7483659686995876,0.16169742011241472,6,14,0.8368516706124336
C_TAL,BDH2,-1.46686780063453,0.07574819401444788,6,14,0.8368516706124336
C_TAL,FN1,0.7905246329207879,0.23416378972350005,6,14,0.8722970828259046
C_TAL,BICC1,0.5539333801273987,0.6589783281733748,6,14,0.9572707231571722
C_TAL,ICAM1,-0.7148111339623334,0.26795908278846337,6,14,0.8786882238275427
C_TAL,HAVCR1,0.3959464325959988,0.5166367483602919,6,14,0.929785529945715
C_TAL,TDGF1,-0.5841823734169745,0.2867998738090949,6,14,0.8786882238275427
C_TAL,TM7SF3,-0.6288752026291577,0.7180598555211559,6,14,0.9608447290127773
C_TAL,CD24,-0.5794412906575488,0.49396284829721365,6,14,0.929785529945715
C_TAL,VCAM1,-0.38592735522421306,0.6971851069642743,6,14,0.9583748701643443
C_TAL,VIM,0.027581002245252062,0.7724970374338956,6,14,0.9755119906000199
C_TAL,HOXA9,-1.6903371964668974,0.04322947578430588,6,14,0.8368516706124336
C_TAL,RGL3,0.2503714824600589,0.967055569817338,6,14,1.0
C_TAL,COL1A1,-0.07852691379536747,0.8922763327692713,6,14,1.0
C_TAL,JUN,-0.8217503331970892,0.23911248710010322,6,14,0.8786882238275427
C_TAL,DPEP1,-1.140899336548081,0.14584872057176643,6,14,0.8368516706124336
C_TAL,TCN2,-0.48226005374018754,0.527361559545195,6,14,0.929785529945715
C_TAL,OCIAD2,-0.029510656346514175,0.804498925836376,6,14,0.9772655064389818
C_TAL,SOX9,-0.11071870011311513,0.9002238035832035,6,14,1.0
C_TAL,TWIST1,-0.0146987825743368,0.9060830565261176,6,14,1.0
C_TAL,SNAI1,-0.26765112543690855,1.0,6,14,1.0
C_TAL,BCAM,0.04197822106167237,1.0,6,14,1.0
C_TAL,CRB2,-0.3032086748863342,0.2263823516772634,6,14,0.8722970828259046
C_TAL,CCL2,-0.30615974071276253,0.5667671348807631,6,14,0.9310635086495136
C_TAL,CUBN,-1.952153372468034,0.044850047785483946,6,14,0.8368516706124336
C_TAL,FOS,-0.4310669889062986,0.35304437564499486,6,14,0.8786882238275427
C_TAL,ACSF2,-1.9554365281615878,0.04174102748897397,6,14,0.8368516706124336
C_TAL,SHMT1,-0.39436310206832115,0.804498925836376,6,14,0.9772655064389818
C_TAL,AOC1,0.5587983508849099,0.533091507390903,6,14,0.929785529945715
C_TAL,HNF4A,-0.7772672659861564,0.2991519394835994,6,14,0.8786882238275427
C_TAL,PROM1,-0.06872137108020349,0.7180598555211559,6,14,0.9608447290127773
C_TAL,ACY1,-1.0641374155057917,0.1553290185129759,6,14,0.8368516706124336
M_TAL,SLC5A10,0.013034218996378799,1.0,4,9,1.0
M_TAL,CYFIP2,-0.0026877742223110346,0.9398601398601399,4,9,1.0
M_TAL,RELB,-0.19411635503563196,0.6915047285223951,4,9,0.9583748701643443
M_TAL,ACAT1,-0.13892673381083842,0.9398601398601399,4,9,1.0
M_TAL,ARMC7,1.4336896959561911,0.24455101327755535,4,9,0.8786882238275427
M_TAL,PAX8,0.8304089573682756,0.6041958041958042,4,9,0.939909745863352
M_TAL,ENPEP,-0.561545497364893,0.7249389272282032,4,9,0.9654359078425536
M_TAL,IL1RL1,0.6024187312151758,0.5396669354458068,4,9,0.929785529945715
M_TAL,DCN,-0.6771294391847948,0.2755610794986313,4,9,0.8786882238275427
M_TAL,ALDH8A1,-0.36522689318519785,0.4815999681017722,4,9,0.929785529945715
M_TAL,SLC2A9,-0.9289464472388324,0.2755610794986313,4,9,0.8786882238275427
M_TAL,SLC9A3,-0.5146781575935635,0.48504462162039297,4,9,0.929785529945715
M_TAL,UMOD,-0.48486833254793815,1.0,4,9,1.0
M_TAL,PPARA,-0.760285431185725,0.313200837957617,4,9,0.8786882238275427
M_TAL,AMN,0.13629889969105524,0.93532123925741,4,9,1.0
M_TAL,ACTA2,0.009709506455191752,1.0,4,9,1.0
M_TAL,KCNJ15,-0.6691710941929039,0.6849197245013244,4,9,0.9583748701643443
M_TAL,PEPD,0.10869666262933109,0.8251748251748252,4,9,0.9842340832756168
M_TAL,TNF,-0.49747472835852286,0.6170750774519738,4,9,0.939909745863352
M_TAL,EFHD1,-0.03561865825233124,0.8251748251748252,4,9,0.9842340832756168
M_TAL,SOST,0.43486282152517314,0.8346910464080808,4,9,0.9924036291588482
M_TAL,SLC17A3,-0.6772985779881957,0.4815999681017722,4,9,0.929785529945715
M_TAL,ALDOB,-3.2011074874681733,0.028444678183585353,4,9,0.8368516706124336
M_TAL,MME,-1.465497317519431,0.20835895653447722,4,9,0.8443968442710696
M_TAL,LGALS2,-0.9806771417553889,0.1575120280971949,4,9,0.8368516706124336
M_TAL,BDH2,0.26678347753265186,0.9398601398601399,4,9,1.0
M_TAL,FN1,-0.5984849735797619,0.6375243667703159,4,9,0.9502277233709565
M_TAL,BICC1,0.7959731162079677,0.5886419272719632,4,9,0.939909745863352
M_TAL,ICAM1,-0.5028367976679172,0.2510555270720476,4,9,0.8786882238275427
M_TAL,HAVCR1,-0.6458412153380648,0.1575120280971949,4,9,0.8368516706124336
M_TAL,TDGF1,0.5719348369405017,0.4503363371557003,4,9,0.9248188814560409
M_TAL,TM7SF3,1.3976142415377186,0.39345402790322404,4,9,0.8945266619685225
M_TAL,CD24,-0.00546153087390433,1.0,4,9,1.0
M_TAL,VCAM1,-0.5543691087520879,0.4815999681017722,4,9,0.929785529945715
M_TAL,VIM,-0.31161393217371636,0.8076526554319905,4,9,0.9773813981816112
M_TAL,HOXA9,0.08228563350692442,0.6980933263843689,4,9,0.9583748701643443
M_TAL,RGL3,0.5608054577150368,0.8251748251748252,4,9,0.9842340832756168
M_TAL,COL1A1,0.054721312186965965,1.0,4,9,1.0
M_TAL,JUN,-1.211989045164116,0.1062937062937063,4,9,0.8368516706124336
M_TAL,DPEP1,-1.265032077127602,0.0946501115514538,4,9,0.8368516706124336
M_TAL,TCN2,0.8937723773821913,0.3478305693382914,4,9,0.8786882238275427
M_TAL,OCIAD2,0.4176007432106106,0.7104895104895105,4,9,0.9584950100908551
M_TAL,SOX9,-0.32872149245712956,0.4503363371557003,4,9,0.9248188814560409
M_TAL,TWIST1,-0.05476672635447774,0.39053727640559166,4,9,0.8945266619685225
M_TAL,SNAI1,0.0,1.0,4,9,1.0
M_TAL,BCAM,0.7496122451339167,0.3300699300699301,4,9,0.8786882238275427
M_TAL,CRB2,-0.3567411468604058,0.2510555270720476,4,9,0.8786882238275427
M_TAL,CCL2,-0.5711751595565282,0.39053727640559166,4,9,0.8945266619685225
M_TAL,CUBN,-1.9112707599656404,0.20835895653447722,4,9,0.8443968442710696
M_TAL,FOS,-0.9813693919677009,0.2601398601398601,4,9,0.8786882238275427
M_TAL,ACSF2,-1.0244569166367374,0.4813678903087709,4,9,0.929785529945715
M_TAL,SHMT1,-0.5931889378362438,0.5785257647507562,4,9,0.9336438854767247
M_TAL,AOC1,-0.4262915780766054,0.35621577587157627,4,9,0.8826585596817819
M_TAL,HNF4A,-0.6428491319738878,0.4815999681017722,4,9,0.929785529945715
M_TAL,PROM1,0.88840837576873,0.2106643337632852,4,9,0.8443968442710696
M_TAL,ACY1,0.10682521879175089,0.8118125962080918,4,9,0.9787191687331138
Macula_Densa,SLC5A10,-0.0881681694812515,1.0,4,9,1.0
Macula_Densa,CYFIP2,-0.0128569141701389,0.6041958041958042,4,9,0.939909745863352
Macula_Densa,RELB,1.3245280019601604,0.39345402790322404,4,9,0.8945266619685225
Macula_Densa,ACAT1,-0.5401667561874177,0.5034965034965035,4,9,0.929785529945715
Macula_Densa,ARMC7,1.0886735716250464,0.1062937062937063,4,9,0.8368516706124336
Macula_Densa,PAX8,0.7906143179204657,0.3300699300699301,4,9,0.8786882238275427
Macula_Densa,ENPEP,-0.5913092713256818,0.6849197245013244,4,9,0.9583748701643443
Macula_Densa,IL1RL1,0.15575573286423638,0.5396669354458068,4,9,0.929785529945715
Macula_Densa,DCN,-0.34259644524236066,0.8076526554319905,4,9,0.9773813981816112
Macula_Densa,ALDH8A1,-0.3215122598577391,0.8076526554319905,4,9,0.9773813981816112
Macula_Densa,SLC2A9,0.46606131755610436,0.5161998586623531,4,9,0.929785529945715
Macula_Densa,SLC9A3,0.1646073565708508,0.8167138518313191,4,9,0.981557023080296
Macula_Densa,UMOD,-1.2076488570869364,0.3300699300699301,4,9,0.8786882238275427
Macula_Densa,PPARA,0.016995018555793884,0.14825174825174825,4,9,0.8368516706124336
Macula_Densa,AMN,1.8099120975971628,0.10040160141329452,4,9,0.8368516706124336
Macula_Densa,ACTA2,1.1201114272277046,0.19414008465315025,4,9,0.8443968442710696
Macula_Densa,KCNJ15,-1.7616871583767169,0.14408894477211193,4,9,0.8368516706124336
Macula_Densa,PEPD,0.48123962799409403,1.0,4,9,1.0
Macula_Densa,TNF,0.1262122407773891,0.7128806637550735,4,9,0.9584950100908551
Macula_Densa,EFHD1,0.6376400574759469,0.1986013986013986,4,9,0.8443968442710696
Macula_Densa,SOST,-0.25777502675890773,0.39053727640559166,4,9,0.8945266619685225
Macula_Densa,SLC17A3,-1.6187061744368019,0.14408894477211193,4,9,0.8368516706124336
Macula_Densa,ALDOB,-2.096931523516872,0.10458175349307071,4,9,0.8368516706124336
Macula_Densa,MME,-1.1116026574482252,0.2338728773804124,4,9,0.8722970828259046
Macula_Densa,LGALS2,-0.6043147794495827,0.4815999681017722,4,9,0.929785529945715
Macula_Densa,BDH2,0.23402717260718564,0.9398601398601399,4,9,1.0
Macula_Densa,FN1,0.5325119514182091,0.5161998586623531,4,9,0.929785529945715
Macula_Densa,BICC1,0.5734558763170847,0.9398601398601399,4,9,1.0
Macula_Densa,ICAM1,-0.25365392217551663,0.7774085209177686,4,9,0.9755119906000199
Macula_Densa,HAVCR1,0.6653267731026662,0.4813678903087709,4,9,0.929785529945715
Macula_Densa,TDGF1,0.02963127444480218,1.0,4,9,1.0
Macula_Densa,TM7SF3,0.17200957451279564,0.8251748251748252,4,9,0.9842340832756168
Macula_Densa,CD24,-0.33029606740356066,0.8251748251748252,4,9,0.9842340832756168
Macula_Densa,VCAM1,-0.2826262818913172,0.8013362360640528,4,9,0.9772655064389818
Macula_Densa,VIM,1.1763637917852365,0.131581998478925,4,9,0.8368516706124336
Macula_Densa,HOXA9,-1.0770091539958941,0.35387749384359024,4,9,0.8788088538909558
Macula_Densa,RGL3,0.8169090032536115,0.3300699300699301,4,9,0.8786882238275427
Macula_Densa,COL1A1,-0.2855463254526766,0.39053727640559166,4,9,0.8945266619685225
Macula_Densa,JUN,-0.19427454966594437,0.9398601398601399,4,9,1.0
Macula_Densa,DPEP1,-1.6118985668182815,0.0946501115514538,4,9,0.8368516706124336
Macula_Densa,TCN2,0.3357976543238337,0.8756644576840138,4,9,1.0
Macula_Densa,OCIAD2,0.9530351858626833,0.7104895104895105,4,9,0.9584950100908551
Macula_Densa,SOX9,1.2149726684881814,0.05372187411476039,4,9,0.8368516706124336
Macula_Densa,TWIST1,0.106102185136901,0.7128806637550735,4,9,0.9584950100908551
Macula_Densa,SNAI1,0.0,1.0,4,9,1.0
Macula_Densa,BCAM,-0.0339372730890406,0.5034965034965035,4,9,0.929785529945715
Macula_Densa,CRB2,0.1256166457905123,0.6375243667703159,4,9,0.9502277233709565
Macula_Densa,CCL2,0.0896381755555154,1.0,4,9,1.0
Macula_Densa,CUBN,-1.652255785438717,0.313200837957617,4,9,0.8786882238275427
Macula_Densa,FOS,0.6767274652577164,0.7104895104895105,4,9,0.9584950100908551
Macula_Densa,ACSF2,-1.6842032736957493,0.10327886900422266,4,9,0.8368516706124336
Macula_Densa,SHMT1,-0.7669907030677234,0.4813678903087709,4,9,0.929785529945715
Macula_Densa,AOC1,1.0736817310399263,0.39345402790322404,4,9,0.8945266619685225
Macula_Densa,HNF4A,-1.4511660774563262,0.20835895653447722,4,9,0.8443968442710696
Macula_Densa,PROM1,1.0585769976993848,0.3954159460225687,4,9,0.8945266619685225
Macula_Densa,ACY1,-0.2957810914720196,0.93532123925741,4,9,1.0
DCT1,SLC5A10,-0.6405702147679087,0.09029760013623751,4,11,0.8368516706124336
DCT1,CYFIP2,-0.21586726888638363,0.5714285714285714,4,11,0.9310635086495136
DCT1,RELB,0.9600365195035001,0.1262716165737517,4,11,0.8368516706124336
DCT1,ACAT1,-0.04181183031906244,0.8512820512820513,4,11,1.0
DCT1,ARMC7,-0.25034822606122864,0.6465253007694427,4,11,0.9561895986461413
DCT1,PAX8,-0.3476418717912395,0.7531135531135531,4,11,0.9749166696321602
DCT1,ENPEP,-1.222027079975434,0.11350458724054528,4,11,0.8368516706124336
DCT1,IL1RL1,-0.07896348747898291,0.43988171285153466,4,11,0.9243293028024744
DCT1,DCN,0.06865617471452612,0.6709599590479671,4,11,0.9583748701643443
DCT1,ALDH8A1,-0.5266311659635914,0.37103674988412993,4,11,0.8936799136994097
DCT1,SLC2A9,-0.7968906583423976,0.3807801097604444,4,11,0.8945266619685225
DCT1,SLC9A3,-0.7068177117086679,0.13972772410448292,4,11,0.8368516706124336
DCT1,UMOD,-0.43792427374566323,0.7938226606250754,4,11,0.9772655064389818
DCT1,PPARA,-0.9223296772044192,0.13772893772893774,4,11,0.8368516706124336
DCT1,AMN,0.8211765216166845,0.31228165104708694,4,11,0.8786882238275427
DCT1,ACTA2,0.41574428375594075,0.8251435570259588,4,11,0.9842340832756168
DCT1,KCNJ15,-1.2542269967741597,0.1484536887497538,4,11,0.8368516706124336
DCT1,PEPD,-0.06927698319408737,1.0,4,11,1.0
DCT1,TNF,0.0,1.0,4,11,1.0
DCT1,EFHD1,-0.023701297701068214,0.7531135531135531,4,11,0.9749166696321602
DCT1,SOST,-0.16640296309331537,0.43988171285153466,4,11,0.9243293028024744
DCT1,SLC17A3,-1.3119612954643047,0.11350458724054528,4,11,0.8368516706124336
DCT1,ALDOB,-1.7655059947772125,0.09029760013623751,4,11,0.8368516706124336
DCT1,MME,-1.0328905559930117,0.11350458724054528,4,11,0.8368516706124336
DCT1,LGALS2,-0.39352208532365834,0.20887434603725374,4,11,0.8443968442710696
DCT1,BDH2,0.35034824762200856,0.4117216117216117,4,11,0.8945266619685225
DCT1,FN1,-0.35438498093579873,0.5710939048729955,4,11,0.9310635086495136
DCT1,BICC1,-0.3299897720365639,0.4117216117216117,4,11,0.8945266619685225
DCT1,ICAM1,-0.6551632620547362,0.13972772410448292,4,11,0.8368516706124336
DCT1,HAVCR1,0.6289385142149208,0.43606417544598,4,11,0.9243293028024744
DCT1,TDGF1,-0.7665950604281306,0.055909679851466255,4,11,0.8368516706124336
DCT1,TM7SF3,0.18046087565485136,0.8512820512820513,4,11,1.0
DCT1,CD24,0.4858209028512164,0.48937728937728936,4,11,0.929785529945715
DCT1,VCAM1,-0.21602569031384686,0.3955131555639412,4,11,0.8945266619685225
DCT1,VIM,1.16688488383326,0.24209192920810718,4,11,0.8786882238275427
DCT1,HOXA9,-0.5033579768235699,0.6950398124946302,4,11,0.9583748701643443
DCT1,RGL3,-1.1478301134369966,0.22564102564102564,4,11,0.8722970828259046
DCT1,COL1A1,-0.05614622801781716,0.93323311415204,4,11,1.0
DCT1,JUN,0.09025878116603048,0.9494505494505494,4,11,1.0
DCT1,DPEP1,-1.0286409880702505,0.055909679851466255,4,11,0.8368516706124336
DCT1,TCN2,1.5786548447388427,0.04115483230321053,4,11,0.8368516706124336
DCT1,OCIAD2,1.4725752014087137,0.13772893772893774,4,11,0.8368516706124336
DCT1,SOX9,0.12143294406766825,1.0,4,11,1.0
DCT1,TWIST1,-0.052285400794530375,0.6510766340778344,4,11,0.9561895986461413
DCT1,SNAI1,-0.020963462047275973,0.6510766340778344,4,11,0.9561895986461413
DCT1,BCAM,0.4516274948459049,0.5714285714285714,4,11,0.9310635086495136
DCT1,CRB2,-0.23008997023082553,0.20887434603725374,4,11,0.8443968442710696
DCT1,CCL2,-0.16289665725603675,0.43988171285153466,4,11,0.9243293028024744
DCT1,CUBN,-1.9534589848772606,0.13801073756865956,4,11,0.8368516706124336
DCT1,FOS,-0.06546881991018783,0.9494505494505494,4,11,1.0
DCT1,ACSF2,-1.5372924003396105,0.07532388119904809,4,11,0.8368516706124336
DCT1,SHMT1,-0.12905020657325483,0.8441870960941865,4,11,0.99784676845878
DCT1,AOC1,2.0139065154217413,0.20656651965950423,4,11,0.8443968442710696
DCT1,HNF4A,-0.8213807822197757,0.055909679851466255,4,11,0.8368516706124336
DCT1,PROM1,0.660693782832036,0.9462473586638033,4,11,1.0
DCT1,ACY1,-0.5989785085125741,0.41849223344681985,4,11,0.9048480723174482
DCT2,SLC5A10,-0.23037200010174352,0.7753854035593555,5,12,0.9755119906000199
DCT2,CYFIP2,-0.5416876587109583,0.3826761473820297,5,12,0.8945266619685225
DCT2,RELB,0.5547034247980189,0.36431962601315493,5,12,0.8895410663123436
DCT2,ACAT1,-0.5232978790031773,0.751682439657043,5,12,0.9749166696321602
DCT2,ARMC7,0.3105431927178848,0.3987860769743443,5,12,0.8945266619685225
DCT2,PAX8,0.3497090017051363,0.5058177117000646,5,12,0.929785529945715
DCT2,ENPEP,-0.8660081596841469,0.31580367165023815,5,12,0.8786882238275427
DCT2,IL1RL1,-0.08053802726946138,1.0,5,12,1.0
DCT2,DCN,-0.35681355507855245,0.4975403427675229,5,12,0.929785529945715
DCT2,ALDH8A1,-0.22431577174423878,0.7808336742312527,5,12,0.9755119906000199
DCT2,SLC2A9,-0.8599403378536199,0.3165184596653946,5,12,0.8786882238275427
DCT2,SLC9A3,-0.5255063442205478,0.5778926338425995,5,12,0.9336438854767247
DCT2,UMOD,0.45544796903160467,0.5611210944666967,5,12,0.9310635086495136
DCT2,PPARA,-1.439653161132341,0.0636716224951519,5,12,0.8368516706124336
DCT2,AMN,-0.9611056509829836,0.21529127567928885,5,12,0.8520361440311078
DCT2,ACTA2,0.03729696355967571,0.9060566081421378,5,12,1.0
DCT2,KCNJ15,-0.6847193052797387,0.8787976729153197,5,12,1.0
DCT2,PEPD,-0.9501054498369941,0.3690880998784999,5,12,0.8928265051056585
DCT2,TNF,-0.2888991344743728,0.2672795800229243,5,12,0.8786882238275427
DCT2,EFHD1,0.12532493112310483,1.0,5,12,1.0
DCT2,SOST,-0.22359647222279921,0.6055766163353464,5,12,0.939909745863352
DCT2,SLC17A3,-0.8116560309424595,0.37328072344622754,5,12,0.8945266619685225
DCT2,ALDOB,-1.7143769045962582,0.09793283959876242,5,12,0.8368516706124336
DCT2,MME,-1.5046039606599098,0.06630792858413054,5,12,0.8368516706124336
DCT2,LGALS2,-0.5928064127850061,0.2944625713649578,5,12,0.8786882238275427
DCT2,BDH2,-0.48305038227003516,0.9592760180995473,5,12,1.0
DCT2,FN1,-0.3036008052397454,0.7384706147102358,5,12,0.9734001586467417
DCT2,BICC1,-0.4869420521234469,0.3283775048480931,5,12,0.8786882238275427
DCT2,ICAM1,-0.65804061732375,0.11652658594132644,5,12,0.8368516706124336
DCT2,HAVCR1,0.06127758694144769,0.7753854035593555,5,12,0.9755119906000199
DCT2,TDGF1,0.02386849806097574,0.638010042834785,5,12,0.9502277233709565
DCT2,TM7SF3,-0.7616974046164224,0.8740605769381751,5,12,1.0
DCT2,CD24,-0.9988657041351701,0.7213962508080154,5,12,0.9630081059654079
DCT2,VCAM1,-0.29419776140284815,0.7753854035593555,5,12,0.9755119906000199
DCT2,VIM,-0.1462778896540573,0.7104781456430362,5,12,0.9584950100908551
DCT2,HOXA9,-1.116493969713412,0.15998707175177765,5,12,0.8368516706124336
DCT2,RGL3,0.010453431623117737,0.6460892049127342,5,12,0.9561895986461413
DCT2,COL1A1,-0.5049256537952356,0.2657380158434004,5,12,0.8786882238275427
DCT2,JUN,-0.7270124772811437,0.7989657401422106,5,12,0.9772655064389818
DCT2,DPEP1,-1.031389706921404,0.12335967941583133,5,12,0.8368516706124336
DCT2,TCN2,0.3575486165648185,0.5245373364943483,5,12,0.929785529945715
DCT2,OCIAD2,0.3266550237388173,0.7115017259151428,5,12,0.9584950100908551
DCT2,SOX9,-0.6710667908004386,0.2782391618084945,5,12,0.8786882238275427
DCT2,TWIST1,-0.09219101587942158,0.6055766163353464,5,12,0.939909745863352
DCT2,SNAI1,0.15896831897263913,0.15558034779219784,5,12,0.8368516706124336
DCT2,BCAM,-0.7214100276656463,0.5743374272786037,5,12,0.9310635086495136
DCT2,CRB2,-0.27309658140678794,0.2672795800229243,5,12,0.8786882238275427
DCT2,CCL2,-0.6333393638859472,0.17846930990681553,5,12,0.8443968442710696
DCT2,CUBN,-1.9774607239365967,0.16130714948012925,5,12,0.8368516706124336
DCT2,FOS,-0.7380788249517947,0.19457013574660637,5,12,0.8443968442710696
DCT2,ACSF2,-1.332484421696983,0.12407635016442799,5,12,0.8368516706124336
DCT2,SHMT1,-0.5956734210966765,0.6331662080170766,5,12,0.9480563542501682
DCT2,AOC1,0.22287483435314004,1.0,5,12,1.0
DCT2,HNF4A,-1.2557529867160622,0.04483096006290426,5,12,0.8368516706124336
DCT2,PROM1,0.39182986149167975,0.5534494727587063,5,12,0.9310635086495136
DCT2,ACY1,-0.09426937084640552,1.0,5,12,1.0
CNT,SLC5A10,-0.17816438395086687,0.948360336532078,4,12,1.0
CNT,CYFIP2,-0.7696647939996728,0.4461538461538461,4,12,0.9248188814560409
CNT,RELB,1.1720550121915498,0.05824175824175824,4,12,0.8368516706124336
CNT,ACAT1,-0.5660977407094059,0.7158048157460368,4,12,0.9608447290127773
CNT,ARMC7,1.1053735085761511,0.1292759044422496,4,12,0.8368516706124336
CNT,PAX8,0.4588820980206787,0.3791208791208791,4,12,0.8945266619685225
CNT,ENPEP,-1.3422109160363047,0.18377526028618707,4,12,0.8443968442710696
CNT,IL1RL1,0.36533777316571603,0.23214589415474407,4,12,0.8722970828259046
CNT,DCN,-0.13931796233564486,0.9412324061157498,4,12,1.0
CNT,ALDH8A1,-0.6209160025212803,0.2715391358765703,4,12,0.8786882238275427
CNT,SLC2A9,0.5540188661757892,0.8535135775742164,4,12,1.0
CNT,SLC9A3,-0.05074189854550459,1.0,4,12,1.0
CNT,UMOD,-1.2475292450261941,0.35037652233852956,4,12,0.8786882238275427
CNT,PPARA,-0.4349576740173502,0.26153846153846155,4,12,0.8786882238275427
CNT,AMN,-1.4054003842964042,0.08129801184055052,4,12,0.8368516706124336
CNT,ACTA2,0.5542938610251184,0.36455299056907653,4,12,0.8895410663123436
CNT,KCNJ15,-0.8189742676996907,0.5439933434974855,4,12,0.929785529945715
CNT,PEPD,0.5194520052508977,0.5208791208791208,4,12,0.929785529945715
CNT,TNF,-0.01301722292369889,0.5070175485030317,4,12,0.929785529945715
CNT,EFHD1,0.4685856228158838,0.5208791208791208,4,12,0.929785529945715
CNT,SOST,-0.23788811297217244,1.0,4,12,1.0
CNT,SLC17A3,-0.5851181077772034,0.6629811440445657,4,12,0.9583748701643443
CNT,ALDOB,-2.586475252009253,0.032519561574640705,4,12,0.8368516706124336
CNT,MME,-1.6709221189214463,0.13512995427235847,4,12,0.8368516706124336
CNT,LGALS2,-0.8827478273753144,0.31623268726570697,4,12,0.8786882238275427
CNT,BDH2,-0.396135809285759,0.6835164835164834,4,12,0.9583748701643443
CNT,FN1,0.6967714061709469,0.31919354853909643,4,12,0.8786882238275427
CNT,BICC1,0.3420403495412083,1.0,4,12,1.0
CNT,ICAM1,-0.5621234346389836,0.4859698937884822,4,12,0.929785529945715
CNT,HAVCR1,0.577310284023172,0.5476150215414648,4,12,0.929785529945715
CNT,TDGF1,-0.37330535378406715,0.23214589415474407,4,12,0.8722970828259046
CNT,TM7SF3,0.18512672204998548,0.8615384615384615,4,12,1.0
CNT,CD24,-0.7779299611585833,0.21208791208791208,4,12,0.8453326033397208
CNT,VCAM1,0.19973259492575268,0.5752642392727352,4,12,0.9310635086495136
CNT,VIM,1.3113794760029887,0.19956945529697245,4,12,0.8443968442710696
CNT,HOXA9,-1.3220432710867973,0.07802197802197802,4,12,0.8368516706124336
CNT,RGL3,0.45707557425116274,0.5989010989010988,4,12,0.939909745863352
CNT,COL1A1,-0.9525475905152205,0.1818999572752905,4,12,0.8443968442710696
CNT,JUN,-1.2921131563656454,0.26153846153846155,4,12,0.8786882238275427
CNT,DPEP1,-1.6305570330236465,0.026734859416923752,4,12,0.8368516706124336
CNT,TCN2,-0.6437477380399619,0.42365593666732415,4,12,0.9138952448156618
CNT,OCIAD2,0.8036122310361375,0.3791208791208791,4,12,0.8945266619685225
CNT,SOX9,-0.17512659926571716,0.8535135775742164,4,12,1.0
CNT,TWIST1,-0.11121677494940638,0.8734220844793148,4,12,1.0
CNT,SNAI1,-0.05378780124257223,0.6650055421020291,4,12,0.9583748701643443
CNT,BCAM,-1.3949061877230204,0.31648351648351647,4,12,0.8786882238275427
CNT,CRB2,0.2653397937275535,0.3990751965482372,4,12,0.8945266619685225
CNT,CCL2,0.5271011113423848,0.5070175485030317,4,12,0.929785529945715
CNT,CUBN,-2.274317272169755,0.04175824175824176,4,12,0.8368516706124336
CNT,FOS,-1.997544779554782,0.013186813186813189,4,12,0.8368516706124336
CNT,ACSF2,-1.134123244973783,0.2715391358765703,4,12,0.8786882238275427
CNT,SHMT1,-0.16151947885998963,0.7703296703296703,4,12,0.9755119906000199
CNT,AOC1,-0.2402861256637403,1.0,4,12,1.0
CNT,HNF4A,-1.4437485317960412,0.15420017793247662,4,12,0.8368516706124336
CNT,PROM1,0.4635426654567021,0.4461538461538461,4,12,0.9248188814560409
CNT,ACY1,-1.1220501223540156,0.35952486213934653,4,12,0.8869335806080796
IC_A,SLC5A10,-0.7142020463894795,0.36886041020494253,4,15,0.8928265051056585
IC_A,CYFIP2,0.21128612381516554,0.9613003095975232,4,15,1.0
IC_A,RELB,0.8663564350516935,0.22084623323013414,4,15,0.867886951641229
IC_A,ACAT1,-0.07772915098533861,0.9613003095975232,4,15,1.0
IC_A,ARMC7,0.8167832319953638,0.12435500515995872,4,15,0.8368516706124336
IC_A,PAX8,0.4552735351766355,0.46904024767801855,4,15,0.929785529945715
IC_A,ENPEP,-1.0431016276947345,0.2894479157726,4,15,0.8786882238275427
IC_A,IL1RL1,0.671041126567949,0.10690441283143097,4,15,0.8368516706124336
IC_A,DCN,0.5407612295863794,0.49197410610623205,4,15,0.929785529945715
IC_A,ALDH8A1,-0.3576168884353488,0.5676902578847225,4,15,0.9310635086495136
IC_A,SLC2A9,0.3935510080507538,0.8008692685856346,4,15,0.9772655064389818
IC_A,SLC9A3,-0.5276492291144144,0.705090083049482,4,15,0.9583748701643443
IC_A,UMOD,-0.8305090482398944,0.705090083049482,4,15,0.9583748701643443
IC_A,PPARA,-0.8591246598640567,0.5304437564499483,4,15,0.929785529945715
IC_A,AMN,0.6818291596117554,0.2110992110677674,4,15,0.8443968442710696
IC_A,ACTA2,0.7372028813873324,0.16408811845685878,4,15,0.8368516706124336
IC_A,KCNJ15,-0.3763735614379864,0.5964912280701754,4,15,0.939909745863352
IC_A,PEPD,-0.08039324454611085,0.4107327141382869,4,15,0.8945266619685225
IC_A,TNF,-0.30051790831782976,0.7963989159254226,4,15,0.9772655064389818
IC_A,EFHD1,0.5154943520355673,0.5304437564499483,4,15,0.929785529945715
IC_A,SOST,-0.4460902279104648,0.5854620804145652,4,15,0.9394233955076117
IC_A,SLC17A3,-0.8612929395481901,0.5050415634694503,4,15,0.929785529945715
IC_A,ALDOB,-3.663816554727572,0.007938805281085412,4,15,0.8368516706124336
IC_A,MME,-1.5647576024767016,0.14577546728045732,4,15,0.8368516706124336
IC_A,LGALS2,-1.1703930406031078,0.07734217706033278,4,15,0.8368516706124336
IC_A,BDH2,-0.4811013299869207,0.3570691434468524,4,15,0.8828199573078912
IC_A,FN1,0.8112816816422689,0.06625155279118537,4,15,0.8368516706124336
IC_A,BICC1,0.5061982121394175,0.8095975232198143,4,15,0.9781545048610486
IC_A,ICAM1,0.3216723421972023,0.5727352446379547,4,15,0.9310635086495136
IC_A,HAVCR1,0.542840744763963,0.6164252719618326,4,15,0.939909745863352
IC_A,TDGF1,-0.07015865909779406,0.9190969097058598,4,15,1.0
IC_A,TM7SF3,0.5274170684785258,0.26212590299277605,4,15,0.8786882238275427
IC_A,CD24,-0.18600530216784428,0.5964912280701754,4,15,0.939909745863352
IC_A,VCAM1,0.12298938886302846,0.7807892994491161,4,15,0.9755119906000199
IC_A,VIM,-0.5238249277873216,0.5091165933290113,4,15,0.929785529945715
IC_A,HOXA9,-1.0597315652793329,0.18472652218782248,4,15,0.8443968442710696
IC_A,RGL3,0.5773301445921097,0.5964912280701754,4,15,0.939909745863352
IC_A,COL1A1,-0.6331034108157904,0.1550265114424091,4,15,0.8368516706124336
IC_A,JUN,-0.36888861094306247,0.5304437564499483,4,15,0.929785529945715
IC_A,DPEP1,-1.8991072864021539,0.025491279072439293,4,15,0.8368516706124336
IC_A,TCN2,-0.2999045338614932,0.6476199130373432,4,15,0.9561895986461413
IC_A,OCIAD2,0.15748706594792328,0.8807126761677578,4,15,1.0
IC_A,SOX9,-0.30358063163741444,0.649828770174512,4,15,0.9561895986461413
IC_A,TWIST1,-0.09771239765776892,0.38657949146786263,4,15,0.8945266619685225
IC_A,SNAI1,-0.21708944411383907,0.7963989159254226,4,15,0.9772655064389818
IC_A,BCAM,0.4256393792641804,0.7363261093911249,4,15,0.9734001586467417
IC_A,CRB2,-0.0792414692701416,0.6985353583033387,4,15,0.9583748701643443
IC_A,CCL2,0.6117222925824893,0.07883659593546095,4,15,0.8368516706124336
IC_A,CUBN,-1.1268952142315598,0.3419004393058046,4,15,0.8786882238275427
IC_A,FOS,-1.3616750252420529,0.152218782249742,4,15,0.8368516706124336
IC_A,ACSF2,-1.45390305151114,0.14528157906093353,4,15,0.8368516706124336
IC_A,SHMT1,-0.6923041300366992,0.5149539483998644,4,15,0.929785529945715
IC_A,AOC1,-0.617849340339136,0.1633596428080336,4,15,0.8368516706124336
IC_A,HNF4A,-1.3477010315502724,0.19443455327320813,4,15,0.8443968442710696
IC_A,PROM1,0.6870074295613188,0.5403794455338791,4,15,0.929785529945715
IC_A,ACY1,-1.085015877978381,0.1731978106384644,4,15,0.8443968442710696
Endo_Peritubular,SLC5A10,-0.7951892590071344,0.5517182399575953,5,13,0.9310635086495136
Endo_Peritubular,CYFIP2,-0.3821663391761092,0.8043560584034158,5,13,0.9772655064389818
Endo_Peritubular,RELB,1.0691453256981789,0.0753968253968254,5,13,0.8368516706124336
Endo_Peritubular,ACAT1,-0.18831887536920577,0.9999999999999998,5,13,1.0
Endo_Peritubular,ARMC7,-0.2219788172920505,0.5028011204481793,5,13,0.929785529945715
Endo_Peritubular,PAX8,-0.08081675074748018,1.0,5,13,1.0
Endo_Peritubular,ENPEP,-1.3384476348003145,0.3098634064683259,5,13,0.8786882238275427
Endo_Peritubular,IL1RL1,0.7356362130959846,0.43011801871388233,5,13,0.9193362232052447
Endo_Peritubular,DCN,-0.05107304989750272,0.9161306796638434,5,13,1.0
Endo_Peritubular,ALDH8A1,-0.7601518098824251,0.3098634064683259,5,13,0.8786882238275427
Endo_Peritubular,SLC2A9,0.16657227581969014,1.0,5,13,1.0
Endo_Peritubular,SLC9A3,-0.5191724649603044,0.5985098481647402,5,13,0.939909745863352
Endo_Peritubular,UMOD,-0.29231794368610586,1.0,5,13,1.0
Endo_Peritubular,PPARA,-1.067730453908247,0.34879699195602354,5,13,0.8786882238275427
Endo_Peritubular,AMN,-1.7001366494323629,0.08428180921747633,5,13,0.8368516706124336
Endo_Peritubular,ACTA2,0.8094721761041777,0.23198031721502754,5,13,0.8722970828259046
Endo_Peritubular,KCNJ15,-1.9315238899785496,0.09039768121473742,5,13,0.8368516706124336
Endo_Peritubular,PEPD,-0.18764743440166942,0.3359010270774977,5,13,0.8786882238275427
Endo_Peritubular,TNF,-0.5260875865519363,0.44874366889655914,5,13,0.9248188814560409
Endo_Peritubular,EFHD1,-0.20928176086474748,0.8043560584034158,5,13,0.9772655064389818
Endo_Peritubular,SOST,-0.4463651394329342,0.6514041640776838,5,13,0.9561895986461413
Endo_Peritubular,SLC17A3,-0.7401814388920778,0.48216841276562394,5,13,0.929785529945715
Endo_Peritubular,ALDOB,-1.4213558503991335,0.23198031721502754,5,13,0.8722970828259046
Endo_Peritubular,MME,-2.1558512585938003,0.13515171382015087,5,13,0.8368516706124336
Endo_Peritubular,LGALS2,-0.5990080253273642,0.3661944278372804,5,13,0.8916038242994654
Endo_Peritubular,BDH2,-0.0867056719568251,0.6330532212885154,5,13,0.9480563542501682
Endo_Peritubular,FN1,-0.7193663077324715,0.20751633986928106,5,13,0.8443968442710696
Endo_Peritubular,BICC1,-0.4274652807836188,0.8043560584034158,5,13,0.9772655064389818
Endo_Peritubular,ICAM1,0.32199806801926245,0.5662931839402428,5,13,0.9310635086495136
Endo_Peritubular,HAVCR1,-0.4818801722043689,0.5750746217035525,5,13,0.9310635086495136
Endo_Peritubular,TDGF1,-0.7341315137561065,0.05664784325131873,5,13,0.8368516706124336
Endo_Peritubular,TM7SF3,-0.4686917647579576,0.28874883286647995,5,13,0.8786882238275427
Endo_Peritubular,CD24,-0.8924169478955686,0.6213877647329471,5,13,0.939909745863352
Endo_Peritubular,VCAM1,1.1747234327198117,0.3359010270774977,5,13,0.8786882238275427
Endo_Peritubular,VIM,0.17402877882493595,0.7028478057889822,5,13,0.9583748701643443
Endo_Peritubular,HOXA9,-1.207387390785686,0.06324704235009031,5,13,0.8368516706124336
Endo_Peritubular,RGL3,-0.08595513547562472,0.7028478057889822,5,13,0.9583748701643443
Endo_Peritubular,COL1A1,0.20885993918877432,0.8710508539710529,5,13,1.0
Endo_Peritubular,JUN,-0.4012121140514866,0.3872549019607843,5,13,0.8945266619685225
Endo_Peritubular,DPEP1,-1.4135994754668713,0.19536188006363908,5,13,0.8443968442710696
Endo_Peritubular,TCN2,-0.08104364369226147,0.5028011204481793,5,13,0.929785529945715
Endo_Peritubular,OCIAD2,0.21519527032371144,0.8436339171230985,5,13,0.99784676845878
Endo_Peritubular,SOX9,0.07439981421270025,0.9206570525306546,5,13,1.0
Endo_Peritubular,TWIST1,0.19045563550976666,0.9007212923596779,5,13,1.0
Endo_Peritubular,SNAI1,-0.413316079285345,0.6219288096995232,5,13,0.939909745863352
Endo_Peritubular,BCAM,-0.7192237231858165,0.28874883286647995,5,13,0.8786882238275427
Endo_Peritubular,CRB2,-0.44719922278013585,0.34758301577729567,5,13,0.8786882238275427
Endo_Peritubular,CCL2,0.2179950643503128,0.8436339171230985,5,13,0.99784676845878
Endo_Peritubular,CUBN,-1.2794519477480004,0.48929015835736234,5,13,0.929785529945715
Endo_Peritubular,FOS,-0.780242664955896,0.14332399626517275,5,13,0.8368516706124336
Endo_Peritubular,ACSF2,-1.4219372201250362,0.23442984100946185,5,13,0.8722970828259046
Endo_Peritubular,SHMT1,-0.786959464867476,0.2567221075741677,5,13,0.8786882238275427
Endo_Peritubular,AOC1,-0.8890486671500066,0.1799585778804823,5,13,0.8443968442710696
Endo_Peritubular,HNF4A,-1.722636559281585,0.07952276427221669,5,13,0.8368516706124336
Endo_Peritubular,PROM1,0.20587281159424387,0.7606307488457802,5,13,0.9751608976949596
Endo_Peritubular,ACY1,-0.7723814659400106,0.19536188006363908,5,13,0.8443968442710696
Fibroblast_1,SLC5A10,-2.0534506745494454,0.1371345440269726,4,7,0.8368516706124336
Fibroblast_1,CYFIP2,-0.9116720563226068,0.4984039238004654,4,7,0.929785529945715
Fibroblast_1,RELB,1.2058807893005117,0.07272727272727272,4,7,0.8368516706124336
Fibroblast_1,ACAT1,-1.592428387120449,0.10909090909090909,4,7,0.8368516706124336
Fibroblast_1,ARMC7,-0.633054539550463,0.3151515151515151,4,7,0.8786882238275427
Fibroblast_1,PAX8,-0.43226042348883054,0.3907499036204134,4,7,0.8945266619685225
Fibroblast_1,ENPEP,-0.21045931985218047,0.5272727272727272,4,7,0.929785529945715
Fibroblast_1,IL1RL1,-0.32786115221383905,0.5617201099216276,4,7,0.9310635086495136
Fibroblast_1,DCN,0.32309967658771654,0.6484848484848484,4,7,0.9561895986461413
Fibroblast_1,ALDH8A1,-1.4076425211545647,0.20864804362225042,4,7,0.8443968442710696
Fibroblast_1,SLC2A9,-1.5374805744585651,0.29418628880023767,4,7,0.8786882238275427
Fibroblast_1,SLC9A3,-0.7592950434547933,0.30281045576215304,4,7,0.8786882238275427
Fibroblast_1,UMOD,-0.9819284804954254,0.6202362098269236,4,7,0.939909745863352
Fibroblast_1,PPARA,0.40569315526672645,0.9272727272727272,4,7,1.0
Fibroblast_1,AMN,-1.2762991465034212,0.15259354609908682,4,7,0.8368516706124336
Fibroblast_1,ACTA2,1.1023879996502606,0.2303030303030303,4,7,0.8722970828259046
Fibroblast_1,KCNJ15,-1.724262889107934,0.28739114167581425,4,7,0.8786882238275427
Fibroblast_1,PEPD,-0.18667018918110934,0.7878787878787878,4,7,0.9755119906000199
Fibroblast_1,TNF,-0.5104735496929973,1.0,4,7,1.0
Fibroblast_1,EFHD1,0.40442533662632574,0.7878787878787878,4,7,0.9755119906000199
Fibroblast_1,SOST,-0.8977257362750218,0.18617412643888498,4,7,0.8443968442710696
Fibroblast_1,SLC17A3,-0.43515967472338746,0.504430998762287,4,7,0.929785529945715
Fibroblast_1,ALDOB,-3.1188202295581453,0.08170717972378908,4,7,0.8368516706124336
Fibroblast_1,MME,-2.221912778609105,0.15259354609908682,4,7,0.8368516706124336
Fibroblast_1,LGALS2,-0.903204756399465,0.28739114167581425,4,7,0.8786882238275427
Fibroblast_1,BDH2,-0.2565613062296883,0.7878787878787878,4,7,0.9755119906000199
Fibroblast_1,FN1,1.6065064613210036,0.10909090909090909,4,7,0.8368516706124336
Fibroblast_1,BICC1,1.3284952581928362,0.5272727272727272,4,7,0.929785529945715
Fibroblast_1,ICAM1,1.1224460224949544,0.4121212121212121,4,7,0.8945266619685225
Fibroblast_1,HAVCR1,0.3879801630647379,0.6988606165865427,4,7,0.9583748701643443
Fibroblast_1,TDGF1,0.186304705616326,0.25683925795785656,4,7,0.8786882238275427
Fibroblast_1,TM7SF3,-1.6118547905657064,0.3151515151515151,4,7,0.8786882238275427
Fibroblast_1,CD24,-0.9170264946436553,0.34360511964077955,4,7,0.8786882238275427
Fibroblast_1,VCAM1,-0.1685946574320818,0.4121212121212121,4,7,0.8945266619685225
Fibroblast_1,VIM,-0.0664619751046196,1.0,4,7,1.0
Fibroblast_1,HOXA9,-0.9289341978148729,0.5272727272727272,4,7,0.929785529945715
Fibroblast_1,RGL3,-0.3054589849555551,0.504430998762287,4,7,0.929785529945715
Fibroblast_1,COL1A1,0.8451201741992014,0.4121212121212121,4,7,0.8945266619685225
Fibroblast_1,JUN,-1.0419337228945569,0.10909090909090909,4,7,0.8368516706124336
Fibroblast_1,DPEP1,-0.7772028945557725,0.34360511964077955,4,7,0.8786882238275427
Fibroblast_1,TCN2,-0.33725951116649244,0.5698722624244343,4,7,0.9310635086495136
Fibroblast_1,OCIAD2,-1.1986136000819987,0.3151515151515151,4,7,0.8786882238275427
Fibroblast_1,SOX9,0.10936074244918759,0.9245478709841503,4,7,1.0
Fibroblast_1,TWIST1,0.035925985477094136,0.6202362098269236,4,7,0.939909745863352
Fibroblast_1,SNAI1,-0.030681780827871874,0.9210563941717984,4,7,1.0
Fibroblast_1,BCAM,-1.446970413000591,0.08824686274677594,4,7,0.8368516706124336
Fibroblast_1,CRB2,0.11528226524231022,0.6988606165865427,4,7,0.9583748701643443
Fibroblast_1,CCL2,2.4238691348603707,0.20864804362225042,4,7,0.8443968442710696
Fibroblast_1,CUBN,-2.029251718641388,0.20864804362225042,4,7,0.8443968442710696
Fibroblast_1,FOS,-1.0531231048708074,0.3151515151515151,4,7,0.8786882238275427
Fibroblast_1,ACSF2,-2.7573534760568466,0.04671900751266041,4,7,0.8368516706124336
Fibroblast_1,SHMT1,-1.7223473995211651,0.15259354609908682,4,7,0.8368516706124336
Fibroblast_1,AOC1,-1.2654658058540698,0.09203622561004167,4,7,0.8368516706124336
Fibroblast_1,HNF4A,-1.9436905094295425,0.1371345440269726,4,7,0.8368516706124336
Fibroblast_1,PROM1,-0.07442457066446728,0.7748122022199504,4,7,0.9755119906000199
Fibroblast_1,ACY1,-1.344782898179946,0.12969500778016357,4,7,0.8368516706124336
Fibroblast_2,SLC5A10,-0.7497693617828632,0.4097463125027675,4,7,0.8945266619685225
Fibroblast_2,CYFIP2,-0.4174815964574927,0.504430998762287,4,7,0.929785529945715
Fibroblast_2,RELB,0.9819997710396047,0.5272727272727272,4,7,0.929785529945715
Fibroblast_2,ACAT1,-0.6488879152509397,0.44865883510844673,4,7,0.9248188814560409
Fibroblast_2,ARMC7,-0.9044956800206299,0.504430998762287,4,7,0.929785529945715
Fibroblast_2,PAX8,-1.2494633055302922,0.184875314347565,4,7,0.8443968442710696
Fibroblast_2,ENPEP,-0.5658292087548955,0.9229529315676746,4,7,1.0
Fibroblast_2,IL1RL1,-0.28844608880408096,1.0,4,7,1.0
Fibroblast_2,DCN,0.11222506755699291,0.7048167647243153,4,7,0.9583748701643443
Fibroblast_2,ALDH8A1,-0.5202129989641833,0.680214770074647,4,7,0.9583748701643443
Fibroblast_2,SLC2A9,-2.4178287064798436,0.15543334455717792,4,7,0.8368516706124336
Fibroblast_2,SLC9A3,0.3390649227988214,0.7572244987935338,4,7,0.9749166696321602
Fibroblast_2,UMOD,-0.35278164076876295,1.0,4,7,1.0
Fibroblast_2,PPARA,-0.8060292138336127,0.16363636363636364,4,7,0.8368516706124336
Fibroblast_2,AMN,-1.9838965582093626,0.05307688506661375,4,7,0.8368516706124336
Fibroblast_2,ACTA2,1.91770592225053,0.04242424242424242,4,7,0.8368516706124336
Fibroblast_2,KCNJ15,-1.8978442971402298,0.507364985684683,4,7,0.929785529945715
Fibroblast_2,PEPD,0.8933878846826548,1.0,4,7,1.0
Fibroblast_2,TNF,0.0,1.0,4,7,1.0
Fibroblast_2,EFHD1,-0.4423892638637916,0.4121212121212121,4,7,0.8945266619685225
Fibroblast_2,SOST,1.184801417516102,0.674150223875841,4,7,0.9583748701643443
Fibroblast_2,SLC17A3,-1.4175146246059573,0.29418628880023767,4,7,0.8786882238275427
Fibroblast_2,ALDOB,-2.143241993047379,0.19762743593706045,4,7,0.8443968442710696
Fibroblast_2,MME,-1.8207397521446906,0.15259354609908682,4,7,0.8368516706124336
Fibroblast_2,LGALS2,0.29576932730453476,0.7572244987935338,4,7,0.9749166696321602
Fibroblast_2,BDH2,-0.6404776713408902,0.5698722624244343,4,7,0.9310635086495136
Fibroblast_2,FN1,1.8060998051649686,0.006060606060606061,4,7,0.8368516706124336
Fibroblast_2,BICC1,-0.6834108143711335,0.9272727272727272,4,7,1.0
Fibroblast_2,ICAM1,2.516250073474832,0.042254020654422304,4,7,0.8368516706124336
Fibroblast_2,HAVCR1,0.35069962657417253,1.0,4,7,1.0
Fibroblast_2,TDGF1,-0.5415286465645505,0.32655780733082995,4,7,0.8786882238275427
Fibroblast_2,TM7SF3,-0.22947702646172186,1.0,4,7,1.0
Fibroblast_2,CD24,-0.17559653677286624,1.0,4,7,1.0
Fibroblast_2,VCAM1,-0.2994402714339306,0.5698722624244343,4,7,0.9310635086495136
Fibroblast_2,VIM,0.33778171720285766,0.34360511964077955,4,7,0.8786882238275427
Fibroblast_2,HOXA9,-0.8006562157457455,0.6286884331574623,4,7,0.9451423424649097
Fibroblast_2,RGL3,-0.4447811183905461,0.3151515151515151,4,7,0.8786882238275427
Fibroblast_2,COL1A1,1.5407887638211193,0.15543334455717792,4,7,0.8368516706124336
Fibroblast_2,JUN,0.6616371221783606,1.0,4,7,1.0
Fibroblast_2,DPEP1,-2.37227983533805,0.05307688506661375,4,7,0.8368516706124336
Fibroblast_2,TCN2,0.3199623644229759,0.7572244987935338,4,7,0.9749166696321602
Fibroblast_2,OCIAD2,1.010214369691255,0.33347033826188766,4,7,0.8786882238275427
Fibroblast_2,SOX9,-0.8020313012693154,0.18617412643888498,4,7,0.8443968442710696
Fibroblast_2,TWIST1,0.5178107625362962,0.674150223875841,4,7,0.9583748701643443
Fibroblast_2,SNAI1,-0.0779413425413047,0.5707503880581739,4,7,0.9310635086495136
Fibroblast_2,BCAM,-0.8731975421598142,0.2303030303030303,4,7,0.8722970828259046
Fibroblast_2,CRB2,-0.04422151980320473,0.5707503880581739,4,7,0.9310635086495136
Fibroblast_2,CCL2,-0.06748265170201484,0.9179292256556592,4,7,1.0
Fibroblast_2,CUBN,-3.0258521879211546,0.2975170913642372,4,7,0.8786882238275427
Fibroblast_2,FOS,-1.0063259411409744,0.10909090909090909,4,7,0.8368516706124336
Fibroblast_2,ACSF2,-2.705596708644519,0.12175817330553743,4,7,0.8368516706124336
Fibroblast_2,SHMT1,-0.6141265593096397,0.5698722624244343,4,7,0.9310635086495136
Fibroblast_2,AOC1,-0.10520232790510833,0.5707503880581739,4,7,0.9310635086495136
Fibroblast_2,HNF4A,-2.2437070738553766,0.12175817330553743,4,7,0.8368516706124336
Fibroblast_2,PROM1,0.13253464929993708,1.0,4,7,1.0
Fibroblast_2,ACY1,-2.3906796987220287,0.05025256379229588,4,7,0.8368516706124336
Mac,SLC5A10,0.020173017483497757,0.7899905138162662,6,12,0.9755119906000199
Mac,CYFIP2,0.336158718132042,0.6057226196064835,6,12,0.939909745863352
Mac,RELB,0.8881468199042635,0.013466925231631115,6,12,0.8368516706124336
Mac,ACAT1,-0.8803138239032884,0.27895282505293906,6,12,0.8786882238275427
Mac,ARMC7,1.5748801257891993,0.04792785997484737,6,12,0.8368516706124336
Mac,PAX8,0.5385127976908684,0.5998021312905062,6,12,0.939909745863352
Mac,ENPEP,-1.2463481071802542,0.14682060431264093,6,12,0.8368516706124336
Mac,IL1RL1,-0.197356352137728,0.699653391547356,6,12,0.9583748701643443
Mac,DCN,0.31915103712763226,0.6316674107896681,6,12,0.9480563542501682
Mac,ALDH8A1,0.08114854366056778,0.8976772276808522,6,12,1.0
Mac,SLC2A9,1.9917075532436392,0.12032691744735909,6,12,0.8368516706124336
Mac,SLC9A3,0.3187751323281995,0.6069054272179508,6,12,0.939909745863352
Mac,UMOD,0.8277751243009648,0.42430850652155727,6,12,0.9138952448156618
Mac,PPARA,0.7432907312822956,0.5418345194189556,6,12,0.929785529945715
Mac,AMN,-1.0390993407866438,0.09994206865325263,6,12,0.8368516706124336
Mac,ACTA2,0.10822601935883913,0.7384621848942794,6,12,0.9734001586467417
Mac,KCNJ15,-1.2791006942195384,0.2580424657591285,6,12,0.8786882238275427
Mac,PEPD,-0.29550693602047673,0.43708252531781944,6,12,0.9243293028024744
Mac,TNF,-0.5750730603153054,0.5418345194189556,6,12,0.929785529945715
Mac,EFHD1,0.06936078419696545,0.7315914776242493,6,12,0.968537180779148
Mac,SOST,-0.4529924183387328,0.2646037266168434,6,12,0.8786882238275427
Mac,SLC17A3,-0.21426269947444476,0.7899905138162662,6,12,0.9755119906000199
Mac,ALDOB,-2.1209633314826717,0.11137238715178514,6,12,0.8368516706124336
Mac,MME,-1.3795717546359838,0.2110308321462654,6,12,0.8443968442710696
Mac,LGALS2,-0.7674470483102023,0.3990257299527701,6,12,0.8945266619685225
Mac,BDH2,-0.5706103386729136,0.5418345194189556,6,12,0.929785529945715
Mac,FN1,0.1254796198878938,0.8114985749443091,6,12,0.9787191687331138
Mac,BICC1,0.6605907988930526,0.5352035608169541,6,12,0.929785529945715
Mac,ICAM1,0.4228018304170309,0.6057226196064835,6,12,0.939909745863352
Mac,HAVCR1,1.5769029930861562,0.010821350355337166,6,12,0.8368516706124336
Mac,TDGF1,0.0,1.0,6,12,1.0
Mac,TM7SF3,0.4022067008463579,0.5532212885154062,6,12,0.9310635086495136
Mac,CD24,-0.32979230829894424,0.84868653966029,6,12,1.0
Mac,VCAM1,0.869663533566595,0.540573098228573,6,12,0.929785529945715
Mac,VIM,-0.4927884501034647,0.33548804137039434,6,12,0.8786882238275427
Mac,HOXA9,-0.9987682290017755,0.10586883619681646,6,12,0.8368516706124336
Mac,RGL3,0.6185359522169782,0.3950469150171537,6,12,0.8945266619685225
Mac,COL1A1,-0.19802058394271016,0.7970303567388293,6,12,0.9772655064389818
Mac,JUN,-0.8034318821308402,0.24962292609351436,6,12,0.8786882238275427
Mac,DPEP1,0.09998749865506418,1.0,6,12,1.0
Mac,TCN2,1.0124398260030716,0.27895282505293906,6,12,0.8786882238275427
Mac,OCIAD2,0.01502209882321992,0.8147774199066066,6,12,0.9812373228982788
Mac,SOX9,-0.035905799386433956,1.0,6,12,1.0
Mac,TWIST1,0.19957346809760135,0.19485064860886947,6,12,0.8443968442710696
Mac,SNAI1,-1.1392541413855526,0.31100007850844835,6,12,0.8786882238275427
Mac,BCAM,-0.0664852903805222,1.0,6,12,1.0
Mac,CRB2,-0.5371009615104934,0.3455570234313007,6,12,0.8786882238275427
Mac,CCL2,-0.20323613269979468,0.8446060147311816,6,12,0.99784676845878
Mac,CUBN,0.39027047668620796,0.7404622722295098,6,12,0.9734001586467417
Mac,FOS,-1.2321921149814479,0.009696186166774402,6,12,0.8368516706124336
Mac,ACSF2,0.3553505337801086,0.5424613726475142,6,12,0.929785529945715
Mac,SHMT1,0.31125691252787613,0.6164619694031459,6,12,0.939909745863352
Mac,AOC1,0.10930707827622232,0.7092585209309872,6,12,0.9584950100908551
Mac,HNF4A,-0.18586585813549883,0.7899905138162662,6,12,0.9755119906000199
Mac,PROM1,-0.1520738458818851,0.7899905138162662,6,12,0.9755119906000199
Mac,ACY1,-1.2449979875635169,0.10586883619681646,6,12,0.8368516706124336
CD16_Mono,SLC5A10,-0.0987985023906448,0.9483051017322014,6,8,1.0
CD16_Mono,CYFIP2,-0.050390426584605574,0.7545787545787546,6,8,0.9749166696321602
CD16_Mono,RELB,0.8631390664266831,0.2823842823842824,6,8,0.8786882238275427
CD16_Mono,ACAT1,-0.2815339761816502,0.7441558905928798,6,8,0.9748006987883339
CD16_Mono,ARMC7,1.292725603841793,0.1656382469439076,6,8,0.8394336496704821
CD16_Mono,PAX8,0.8538996694349459,0.4334793501899835,6,8,0.9243293028024744
CD16_Mono,ENPEP,-0.3480274140139007,1.0,6,8,1.0
CD16_Mono,IL1RL1,-0.38439574936378285,0.47048642205878966,6,8,0.929785529945715
CD16_Mono,DCN,0.21372656595556572,0.832239946617841,6,8,0.9905512648373878
CD16_Mono,ALDH8A1,0.18362035605115729,0.832239946617841,6,8,0.9905512648373878
CD16_Mono,SLC2A9,0.5500829839728414,0.2823842823842824,6,8,0.8786882238275427
CD16_Mono,SLC9A3,-0.4681189276856184,0.47048642205878966,6,8,0.929785529945715
CD16_Mono,UMOD,-1.3323298894624631,0.08622925407834038,6,8,0.8368516706124336
CD16_Mono,PPARA,0.6543999816038402,0.344988344988345,6,8,0.8786882238275427
CD16_Mono,AMN,-0.47178614430290355,1.0,6,8,1.0
CD16_Mono,ACTA2,1.54777033757819,0.015734090030800892,6,8,0.8368516706124336
CD16_Mono,KCNJ15,-0.5554501846144941,0.7303543187132255,6,8,0.968537180779148
CD16_Mono,PEPD,-0.49931377667306,0.22843822843822847,6,8,0.8722970828259046
CD16_Mono,TNF,-0.09061504244290619,0.8457796775972303,6,8,0.9981804414213887
CD16_Mono,EFHD1,-0.18894920382353275,0.836171876226159,6,8,0.9924036291588482
CD16_Mono,SOST,-0.2948633662908934,0.6533646706582226,6,8,0.9572707231571722
CD16_Mono,SLC17A3,-0.6839909865231498,0.5199890171860002,6,8,0.929785529945715
CD16_Mono,ALDOB,-2.2722914577878295,0.11287331631508526,6,8,0.8368516706124336
CD16_Mono,MME,-1.9137123999442212,0.045608934854261686,6,8,0.8368516706124336
CD16_Mono,LGALS2,-0.8116439027259359,0.5181448319144508,6,8,0.929785529945715
CD16_Mono,BDH2,-0.587333904501286,0.4483077126270574,6,8,0.9248188814560409
CD16_Mono,FN1,0.6353304116820034,0.6860144790691727,6,8,0.9583748701643443
CD16_Mono,BICC1,0.8577500779589446,0.474703565332393,6,8,0.929785529945715
CD16_Mono,ICAM1,0.22358234365541207,0.9497169497169498,6,8,1.0
CD16_Mono,HAVCR1,0.81418748583289,0.1121231080754044,6,8,0.8368516706124336
CD16_Mono,TDGF1,0.0,1.0,6,8,1.0
CD16_Mono,TM7SF3,0.10489671989366567,0.7545787545787546,6,8,0.9749166696321602
CD16_Mono,CD24,-0.599970665263607,0.3701988010390883,6,8,0.8935833128529718
CD16_Mono,VCAM1,0.6715790042067994,0.312321421676216,6,8,0.8786882238275427
CD16_Mono,VIM,-0.667123123671507,0.344988344988345,6,8,0.8786882238275427
CD16_Mono,HOXA9,-0.6157523305565922,0.3319233706097343,6,8,0.8786882238275427
CD16_Mono,RGL3,0.7710312760846214,0.32204986990774864,6,8,0.8786882238275427
CD16_Mono,COL1A1,0.7058185513576869,0.03884480284445573,6,8,0.8368516706124336
CD16_Mono,JUN,-1.6710248433428152,0.18115218115218118,6,8,0.8443968442710696
CD16_Mono,DPEP1,-0.9113472761762154,0.35273303898210995,6,8,0.8786882238275427
CD16_Mono,TCN2,1.1447782650535956,0.27037437765411054,6,8,0.8786882238275427
CD16_Mono,OCIAD2,-0.0006915990055738064,0.7545787545787546,6,8,0.9749166696321602
CD16_Mono,SOX9,-0.08524379078122749,0.47048642205878966,6,8,0.929785529945715
CD16_Mono,TWIST1,0.4943018649078732,0.312321421676216,6,8,0.8786882238275427
CD16_Mono,SNAI1,-1.222871622195577,0.20972497977173432,6,8,0.8443968442710696
CD16_Mono,BCAM,-0.5861038781678354,0.6868651803414656,6,8,0.9583748701643443
CD16_Mono,CRB2,-0.4865265268541676,0.47048642205878966,6,8,0.929785529945715
CD16_Mono,CCL2,0.8127545296557553,0.14556670389210102,6,8,0.8368516706124336
CD16_Mono,CUBN,-0.44834062335344504,0.896137673468504,6,8,1.0
CD16_Mono,FOS,-1.2960626400751396,0.05927405927405928,6,8,0.8368516706124336
CD16_Mono,ACSF2,-0.21623973909308747,0.9497169497169498,6,8,1.0
CD16_Mono,SHMT1,0.5070655614804536,0.4908424908424909,6,8,0.929785529945715
CD16_Mono,AOC1,0.15038381967979636,0.5295258313821392,6,8,0.929785529945715
CD16_Mono,HNF4A,-0.3939213520544392,0.7875790156826178,6,8,0.9755119906000199
CD16_Mono,PROM1,1.1519680894051536,0.03884480284445573,6,8,0.8368516706124336
CD16_Mono,ACY1,-0.33559427107137063,0.9450446627040986,6,8,1.0
CD4T,SLC5A10,0.34413961836153395,0.48772717671316834,7,13,0.929785529945715
CD4T,CYFIP2,0.27461920164497844,0.3506965944272446,7,13,0.8786882238275427
CD4T,RELB,0.430570113809964,0.4052039267587886,7,13,0.8945266619685225
CD4T,ACAT1,-0.1498140128816754,0.7573013415892673,7,13,0.9749166696321602
CD4T,ARMC7,1.9455231129152988,0.0010616218091507575,7,13,0.6211824141466261
CD4T,PAX8,0.9858748102404862,0.46122337559571347,7,13,0.929785529945715
CD4T,ENPEP,-0.6669583289743113,0.36781446726339184,7,13,0.8928265051056585
CD4T,IL1RL1,0.8576060706963378,0.14000462736735808,7,13,0.8368516706124336
CD4T,DCN,0.9260330551905379,0.28252290625214294,7,13,0.8786882238275427
CD4T,ALDH8A1,0.025364806252611394,1.0,7,13,1.0
CD4T,SLC2A9,1.5389494923288245,0.03967283491438301,7,13,0.8368516706124336
CD4T,SLC9A3,0.011392711566638125,0.6915649421394202,7,13,0.9583748701643443
CD4T,UMOD,0.3521437907559475,0.5608658651082761,7,13,0.9310635086495136
CD4T,PPARA,0.8947872068525005,0.3832085859605817,7,13,0.8945266619685225
CD4T,AMN,-0.0012304095630697454,0.9363601349812345,7,13,1.0
CD4T,ACTA2,0.8653641282733104,0.2801277713059662,7,13,0.8786882238275427
CD4T,KCNJ15,-1.0123840346666295,0.10537947057452532,7,13,0.8368516706124336
CD4T,PEPD,-0.5389871494365939,0.27492260061919505,7,13,0.8786882238275427
CD4T,TNF,-1.2945573183848031,0.4279369393889413,7,13,0.9164232736436219
CD4T,EFHD1,0.0029269220486145553,0.9679709105103242,7,13,1.0
CD4T,SOST,0.17474416289748934,0.7547086900645856,7,13,0.9749166696321602
CD4T,SLC17A3,0.30683363283896203,0.8680319624129302,7,13,1.0
CD4T,ALDOB,-1.8777508813810724,0.12925039361682475,7,13,0.8368516706124336
CD4T,MME,-0.944764551071342,0.18375871211869732,7,13,0.8443968442710696
CD4T,LGALS2,-1.0271986604502206,0.07167932095341231,7,13,0.8368516706124336
CD4T,BDH2,-0.5197248213298948,0.24135706914344687,7,13,0.8786882238275427
CD4T,FN1,1.5050786309128092,0.1403207520979697,7,13,0.8368516706124336
CD4T,BICC1,1.1501243392441167,0.36078330210627485,7,13,0.8880819744154458
CD4T,ICAM1,-0.2790917519013534,1.0,7,13,1.0
CD4T,HAVCR1,1.3736957804394185,0.021951721613128798,7,13,0.8368516706124336
CD4T,TDGF1,0.14419834866200026,0.2084128036841486,7,13,0.8443968442710696
CD4T,TM7SF3,0.39174488679986075,1.0,7,13,1.0
CD4T,CD24,-0.5838680375087373,0.5171621434505493,7,13,0.929785529945715
CD4T,VCAM1,-0.9027363433169512,0.15784692908373055,7,13,0.8368516706124336
CD4T,VIM,-0.7886076790202434,0.13480392156862744,7,13,0.8368516706124336
CD4T,HOXA9,0.5355319761941306,0.297925468160142,7,13,0.8786882238275427
CD4T,RGL3,0.6823960091087562,0.8655311844743964,7,13,1.0
CD4T,COL1A1,0.5280345124973315,0.4344629015028876,7,13,0.9243293028024744
CD4T,JUN,-1.0366640272424155,0.21060371517027865,7,13,0.8443968442710696
CD4T,DPEP1,-0.5137885496370675,0.5946167050546746,7,13,0.939909745863352
CD4T,TCN2,-0.3027243793870993,0.7286182528991806,7,13,0.9680337405066219
CD4T,OCIAD2,-0.2197856292800262,0.4854231166150671,7,13,0.929785529945715
CD4T,SOX9,0.6376187742386356,0.28252290625214294,7,13,0.8786882238275427
CD4T,TWIST1,0.025501447816874356,0.7609737719512453,7,13,0.9751608976949596
CD4T,SNAI1,-0.5438523286826701,0.3857172012204927,7,13,0.8945266619685225
CD4T,BCAM,-0.8308521904164681,0.18939681051445256,7,13,0.8443968442710696
CD4T,CRB2,-0.11199884323757676,0.5293681061847979,7,13,0.929785529945715
CD4T,CCL2,0.03218058437694915,0.4940507349150023,7,13,0.929785529945715
CD4T,CUBN,-0.1240499121000842,0.7212961033881643,7,13,0.9630081059654079
CD4T,FOS,-1.2926602546584087,0.11462848297213622,7,13,0.8368516706124336
CD4T,ACSF2,0.49363758508104105,0.623269024340456,7,13,0.939909745863352
CD4T,SHMT1,0.1131275592089076,0.8740270607510207,7,13,1.0
CD4T,AOC1,-0.41451585413092645,0.4471068916295269,7,13,0.9248188814560409
CD4T,HNF4A,-1.0468263658679204,0.07664814039072596,7,13,0.8368516706124336
CD4T,PROM1,1.086180941924447,0.30640297204019995,7,13,0.8786882238275427
CD4T,ACY1,-1.3783250609476836,0.028712006191101272,7,13,0.8368516706124336
CD8T,SLC5A10,-0.06680076068792484,0.743303562520002,7,13,0.9748006987883339
CD8T,CYFIP2,0.09499623149831216,0.816795665634675,7,13,0.981557023080296
CD8T,RELB,0.8452755580060103,0.15743034055727553,7,13,0.8368516706124336
CD8T,ACAT1,-0.5086190520887679,0.938467492260062,7,13,1.0
CD8T,ARMC7,1.219855991510177,0.039072718717949914,7,13,0.8368516706124336
CD8T,PAX8,0.9766268560281168,0.3022079354826841,7,13,0.8786882238275427
CD8T,ENPEP,-1.0834270127186307,0.14831223815941189,7,13,0.8368516706124336
CD8T,IL1RL1,-0.38959719625427836,0.22675419769025384,7,13,0.8722970828259046
CD8T,DCN,0.06322489994566516,0.9259180902341505,7,13,1.0
CD8T,ALDH8A1,-0.1337353956262708,0.9022610023749345,7,13,1.0
CD8T,SLC2A9,1.142074794836938,0.24478415736832115,7,13,0.8786882238275427
CD8T,SLC9A3,0.03502642774366882,0.9610399550819744,7,13,1.0
CD8T,UMOD,0.07272654030028347,0.9041188486037854,7,13,1.0
CD8T,PPARA,0.2247739370471371,0.7573013415892673,7,13,0.9749166696321602
CD8T,AMN,-0.6647647008436919,0.26545308494158093,7,13,0.8786882238275427
CD8T,ACTA2,0.9924234513790913,0.056819650655410496,7,13,0.8368516706124336
CD8T,KCNJ15,-1.0392430605085576,0.26545308494158093,7,13,0.8786882238275427
CD8T,PEPD,-0.23893814574926608,0.4854231166150671,7,13,0.929785529945715
CD8T,TNF,-1.040619201846185,0.37978065651523885,7,13,0.8945266619685225
CD8T,EFHD1,0.5909269549317551,0.4750658949224066,7,13,0.929785529945715
CD8T,SOST,-0.69149258587138,0.19321890346219373,7,13,0.8443968442710696
CD8T,SLC17A3,-0.6498971023628821,0.4661901965276354,7,13,0.929785529945715
CD8T,ALDOB,-2.5530001332129046,0.021362979491982813,7,13,0.8368516706124336
CD8T,MME,-1.9631206532559926,0.02537313087654474,7,13,0.8368516706124336
CD8T,LGALS2,-0.5252393834550289,0.4036073314494769,7,13,0.8945266619685225
CD8T,BDH2,-0.7432446562712509,0.24135706914344687,7,13,0.8786882238275427
CD8T,FN1,1.0052571759390183,0.12396320676759918,7,13,0.8368516706124336
CD8T,BICC1,0.4070649612626558,0.6856033649177964,7,13,0.9583748701643443
CD8T,ICAM1,0.18617600829836656,0.6063626118029362,7,13,0.939909745863352
CD8T,HAVCR1,1.5279209111726972,0.011886702334713404,7,13,0.8368516706124336
CD8T,TDGF1,-0.17218199215186372,0.3228307538850831,7,13,0.8786882238275427
CD8T,TM7SF3,0.3550304625893044,0.27492260061919505,7,13,0.8786882238275427
CD8T,CD24,-0.6298935109927997,0.4854231166150671,7,13,0.929785529945715
CD8T,VCAM1,-0.031829023011052726,0.3928792569659443,7,13,0.8945266619685225
CD8T,VIM,-0.5110576076766247,0.13480392156862744,7,13,0.8368516706124336
CD8T,HOXA9,-0.7402027041773742,0.1102857643892408,7,13,0.8368516706124336
CD8T,RGL3,0.20572049343560983,0.8080849774251535,7,13,0.9773813981816112
CD8T,COL1A1,0.13719975234162207,0.6645025404297195,7,13,0.9583748701643443
CD8T,JUN,-0.7829148163187973,0.3506965944272446,7,13,0.8786882238275427
CD8T,DPEP1,-0.7787530679855836,0.4181370048679125,7,13,0.9048480723174482
CD8T,TCN2,-0.3571689418868206,0.739649414834999,7,13,0.9734001586467417
CD8T,OCIAD2,-0.22565693994041336,0.5355521155830754,7,13,0.929785529945715
CD8T,SOX9,0.5409852518938443,0.39524700006880176,7,13,0.8945266619685225
CD8T,TWIST1,-0.15803908588146173,0.5293681061847979,7,13,0.929785529945715
CD8T,SNAI1,-0.325369914217464,0.6181482479403717,7,13,0.939909745863352
CD8T,BCAM,-0.024909388887286665,0.9041188486037854,7,13,1.0
CD8T,CRB2,0.31181747166570356,0.2084128036841486,7,13,0.8443968442710696
CD8T,CCL2,0.09185702909779303,1.0,7,13,1.0
CD8T,CUBN,-0.9578988720895887,0.4263664311659232,7,13,0.9164232736436219
CD8T,FOS,-1.245391808038348,0.11462848297213622,7,13,0.8368516706124336
CD8T,ACSF2,-0.6022220146102599,0.36196038364521754,7,13,0.889025503690008
CD8T,SHMT1,-0.12069020360925009,0.6426470588235295,7,13,0.9558628232169362
CD8T,AOC1,-0.8782538455858052,0.21956079150220964,7,13,0.865873543952376
CD8T,HNF4A,-0.9912112189944193,0.14501050949918948,7,13,0.8368516706124336
CD8T,PROM1,1.3685956633489456,0.09327999356295097,7,13,0.8368516706124336
CD8T,ACY1,-2.433829041364235,0.001109254310976118,7,13,0.6211824141466261
NK,SLC5A10,-0.1558108512846439,1.0,4,11,1.0
NK,CYFIP2,-0.1506367982937835,0.48937728937728936,4,11,0.929785529945715
NK,RELB,0.4569371019823709,0.5135146543734956,4,11,0.929785529945715
NK,ACAT1,0.13483931900674984,0.7531135531135531,4,11,0.9749166696321602
NK,ARMC7,0.08283598480610666,0.7531135531135531,4,11,0.9749166696321602
NK,PAX8,0.19043765709755056,0.5357239360626169,4,11,0.929785529945715
NK,ENPEP,-0.8359922292947528,0.3383744053538542,4,11,0.8786882238275427
NK,IL1RL1,-0.05004444098280819,1.0,4,11,1.0
NK,DCN,0.0,1.0,4,11,1.0
NK,ALDH8A1,0.027426905938165547,1.0,4,11,1.0
NK,SLC2A9,-0.47783813433005756,0.43988171285153466,4,11,0.9243293028024744
NK,SLC9A3,-0.1765496217708572,0.6510766340778344,4,11,0.9561895986461413
NK,UMOD,0.04332741389494965,1.0,4,11,1.0
NK,PPARA,0.882645590029735,0.464628277153334,4,11,0.929785529945715
NK,AMN,-0.5781045223000264,0.534064881361301,4,11,0.929785529945715
NK,ACTA2,-0.2815879500886662,0.7432386336723096,4,11,0.9748006987883339
NK,KCNJ15,-0.5382885229584102,0.3955131555639412,4,11,0.8945266619685225
NK,PEPD,-0.44078991815733604,0.1772893772893773,4,11,0.8443968442710696
NK,TNF,0.3865924109150285,0.7531135531135531,4,11,0.9749166696321602
NK,EFHD1,-0.09348275774356729,0.6709599590479671,4,11,0.9583748701643443
NK,SOST,0.026505328975787446,0.5811475588273919,4,11,0.9338447036563015
NK,SLC17A3,-0.2524094133416056,0.8015563984843219,4,11,0.9772655064389818
NK,ALDOB,-1.6425294717222525,0.2919203197186352,4,11,0.8786882238275427
NK,MME,-1.1657243881620942,0.202488870861401,4,11,0.8443968442710696
NK,LGALS2,-1.0795873928206585,0.202488870861401,4,11,0.8443968442710696
NK,BDH2,-1.0826165564432828,0.10402930402930403,4,11,0.8368516706124336
NK,FN1,-0.19927440450390002,0.6510766340778344,4,11,0.9561895986461413
NK,BICC1,-1.7629501032103692,0.16270935737077208,4,11,0.8368516706124336
NK,ICAM1,0.22167124864747034,0.34285714285714286,4,11,0.8786882238275427
NK,HAVCR1,0.7154486428699465,0.16155555049127235,4,11,0.8368516706124336
NK,TDGF1,0.0,1.0,4,11,1.0
NK,TM7SF3,0.09625884478027036,0.5714285714285714,4,11,0.9310635086495136
NK,CD24,-0.8413971353208667,0.3231289378310739,4,11,0.8786882238275427
NK,VCAM1,-0.406826156410309,0.534064881361301,4,11,0.929785529945715
NK,VIM,-0.6880164874322805,0.07765567765567766,4,11,0.8368516706124336
NK,HOXA9,-0.43896674340137887,0.7233195931130021,4,11,0.9644261241506694
NK,RGL3,-0.4211165013686477,0.45084920470981993,4,11,0.9248188814560409
NK,COL1A1,0.28356897695304895,0.13166801602281422,4,11,0.8368516706124336
NK,JUN,-0.2804616398069131,0.5714285714285714,4,11,0.9310635086495136
NK,DPEP1,-1.3550142203430158,0.09029760013623751,4,11,0.8368516706124336
NK,TCN2,-0.33557657960258575,1.0,4,11,1.0
NK,OCIAD2,0.06623923918913288,0.6608058608058608,4,11,0.9583748701643443
NK,SOX9,0.0,1.0,4,11,1.0
NK,TWIST1,0.0,1.0,4,11,1.0
NK,SNAI1,-0.1819006202407435,0.7308077993319909,4,11,0.968537180779148
NK,BCAM,-0.36504815525142253,0.8364544874338863,4,11,0.9924036291588482
NK,CRB2,0.0,1.0,4,11,1.0
NK,CCL2,0.4441586140348198,0.43988171285153466,4,11,0.9243293028024744
NK,CUBN,-0.5014017994673323,0.6369696845945058,4,11,0.9502277233709565
NK,FOS,-0.535025876511745,0.22564102564102564,4,11,0.8722970828259046
NK,ACSF2,-0.7255553595185364,0.3231289378310739,4,11,0.8786882238275427
NK,SHMT1,-0.47936919503458975,0.5554443307554021,4,11,0.9310635086495136
NK,AOC1,0.19493079194500817,0.586382076415372,4,11,0.939553541609752
NK,HNF4A,-0.5406461342547216,0.3046261638338711,4,11,0.8786882238275427
NK,PROM1,0.033482405102705975,0.5811475588273919,4,11,0.9338447036563015
NK,ACY1,-1.0522835242404585,0.10402930402930403,4,11,0.8368516706124336
