motif_id,motif_alt_id,sequence_name,start,stop,strand,score,p-value,q-value,matched_sequence
HNF4A_HUMAN.H11MO.0.A,,ENPEP,85,98,-,16.697,1.06e-06,0.129,GAGTCTAAAGTCCA
HNF4A_HUMAN.H11MO.0.A,,LGALS2,938,951,-,16.5606,1.18e-06,0.129,AGGGGCAAAGTCCT
HNF4A_HUMAN.H11MO.0.A,,ACSF2,1543,1556,+,14.2879,6.59e-06,0.205,AGGGGCAAGGGCCA
HNF4A_HUMAN.H11MO.0.A,,OCIAD2,46,59,+,14.0152,7.87e-06,0.205,GAGACCAGAGTTCA
HNF4A_HUMAN.H11MO.0.A,,IL1RL1,1849,1862,-,13.8788,8.57e-06,0.205,TGGACCAAAGTCCC
HNF4A_HUMAN.H11MO.0.A,,CUBN,1037,1050,-,13.803,9.06e-06,0.205,TGGTTCAAAGTACA
HNF4A_HUMAN.H11MO.0.A,,TWIST1,1592,1605,+,13.803,9.06e-06,0.205,AGTTCCAAAGGCCA
HNF4A_HUMAN.H11MO.0.A,,ACY1,48,61,+,13.7424,9.43e-06,0.205,GAGTACAAAGGGCA
HNF4A_HUMAN.H11MO.0.A,,PEPD,1744,1757,+,13.7273,9.52e-06,0.205,GGGTGCAGAGTCCT
HNF4A_HUMAN.H11MO.0.A,,ACY1,1955,1968,+,13.6818,9.75e-06,0.205,CTGGACAAAGGCCA
HNF4A_HUMAN.H11MO.0.A,,ACSF2,73,86,-,13.5909,1.04e-05,0.205,TGGGGCAAAGGCCC
HNF4A_HUMAN.H11MO.0.A,,SLC9A3,1019,1032,-,13.1818,1.35e-05,0.23,GGGATTAAAGGCCA
HNF4A_HUMAN.H11MO.0.A,,UMOD,1723,1736,+,13.1515,1.38e-05,0.23,AGGTCCAGAGGTCA
HNF4A_HUMAN.H11MO.0.A,,CRB2,1105,1118,-,12.803,1.71e-05,0.251,CAGGACAGAGGCCA
HNF4A_HUMAN.H11MO.0.A,,PAX8,1778,1791,-,12.7879,1.73e-05,0.251,CAGGCCAGAGGTCA
HNF4A_HUMAN.H11MO.0.A,,SNAI1,1479,1492,+,12.4697,2.09e-05,0.27,GAGTCCGGAGTCCA
HNF4A_HUMAN.H11MO.0.A,,PEPD,115,128,+,12.4545,2.11e-05,0.27,CAGGGCAAAGTCTG
HNF4A_HUMAN.H11MO.0.A,,DPEP1,491,504,+,12.1364,2.56e-05,0.295,GGTGACAAAGTCCG
HNF4A_HUMAN.H11MO.0.A,,SOX9,144,157,+,12.0,2.78e-05,0.295,GGAGGCAAAGACCA
HNF4A_HUMAN.H11MO.0.A,,DPEP1,1120,1133,+,11.9848,2.81e-05,0.295,TGGAGCAAAGTTCC
HNF4A_HUMAN.H11MO.0.A,,CCL2,1764,1777,+,11.9242,2.91e-05,0.295,TGGGTCAAAGATCA
HNF4A_HUMAN.H11MO.0.A,,PEPD,514,527,-,11.8788,2.99e-05,0.295,GGGGCCAAATGTCA
HNF4A_HUMAN.H11MO.0.A,,TCN2,1973,1986,-,11.7424,3.24e-05,0.305,CGGCCCAAAGTTCC
HNF4A_HUMAN.H11MO.0.A,,PPARA,418,431,+,11.6061,3.51e-05,0.305,AGGGACAAGGTCCC
HNF4A_HUMAN.H11MO.0.A,,BICC1,1748,1761,-,11.5758,3.56e-05,0.305,ATCTCCAAAGTCCA
HNF4A_HUMAN.H11MO.0.A,,AMN,985,998,+,11.5,3.73e-05,0.305,TGGGGCAAAGTCTC
HNF4A_HUMAN.H11MO.0.A,,CUBN,157,170,-,11.4697,3.8e-05,0.305,ATGTGTAAAGTTCA
HNF4A_HUMAN.H11MO.0.A,,SNAI1,1944,1957,-,11.3636,4.02e-05,0.312,CAGGACAGAGTCCC
HNF4A_HUMAN.H11MO.0.A,,ACY1,1497,1510,-,11.2273,4.36e-05,0.312,GGGGGCAAAGTGAA
HNF4A_HUMAN.H11MO.0.A,,HAVCR1,522,535,+,11.2121,4.4e-05,0.312,GAGAGCAAATGCCA
HNF4A_HUMAN.H11MO.0.A,,AOC1,997,1010,+,11.1818,4.46e-05,0.312,AAGGGCAAAGGCTG
HNF4A_HUMAN.H11MO.0.A,,RGL3,1290,1303,+,11.1212,4.61e-05,0.313,CAGACCAGAGTCCT
HNF4A_HUMAN.H11MO.0.A,,ALDOB,1816,1829,-,11.0,4.94e-05,0.32,AAGTACAAAGGTTA
HNF4A_HUMAN.H11MO.0.A,,SHMT1,563,576,+,10.9242,5.16e-05,0.32,CTTGCCAAAGGCCA
HNF4A_HUMAN.H11MO.0.A,,TCN2,945,958,-,10.9242,5.16e-05,0.32,AAGGCCAAAGAACA
HNF4A_HUMAN.H11MO.0.A,,CRB2,1728,1741,-,10.6818,5.89e-05,0.355,GAGAGCAAAGACCT
HNF4A_HUMAN.H11MO.0.A,,ARMC7,410,423,+,10.6364,6.04e-05,0.355,AGGGGCAAAGGACT
HNF4A_HUMAN.H11MO.0.A,,PEPD,1093,1106,+,10.5303,6.41e-05,0.366,AGAGCCAAATTCCA
HNF4A_HUMAN.H11MO.0.A,,CUBN,1212,1225,-,10.4091,6.85e-05,0.374,TGTTTCAAAGGTCA
HNF4A_HUMAN.H11MO.0.A,,OCIAD2,1294,1307,-,10.3939,6.9e-05,0.374,GAGTGCAAAGGTGA
HNF4A_HUMAN.H11MO.0.A,,BCAM,1641,1654,+,10.2424,7.46e-05,0.389,GTTTCCAGAGTCCA
HNF4A_HUMAN.H11MO.0.A,,TNF,1329,1342,-,10.197,7.64e-05,0.389,CACTCCAAAGTGCA
HNF4A_HUMAN.H11MO.0.A,,CD24,1601,1614,-,10.1818,7.7e-05,0.389,GTTGTCAAAGTCCT
HNF4A_HUMAN.H11MO.0.A,,SLC9A3,21,34,-,10.1364,7.89e-05,0.389,GGGATCAAAGTTTC
HNF4A_HUMAN.H11MO.0.A,,HNF4A,730,743,-,10.0303,8.35e-05,0.399,GAGGTGAGAGTCCA
HNF4A_HUMAN.H11MO.0.A,,SHMT1,156,169,+,9.9697,8.63e-05,0.399,TGGACCAAGGGTCA
HNF4A_HUMAN.H11MO.0.A,,AMN,735,748,+,9.9697,8.63e-05,0.399,GAATTCAAAGGTCG
HNF4A_HUMAN.H11MO.0.A,,RGL3,787,800,+,9.89394,8.97e-05,0.406,TGGGTCAAGGGCCG
HNF4A_HUMAN.H11MO.0.A,,CRB2,814,827,+,9.77273,9.56e-05,0.415,GGGTGCCAAGACCA
HNF4A_HUMAN.H11MO.0.A,,JUN,1392,1405,+,9.77273,9.56e-05,0.415,GGGGCTCAAGTTCA
HNF4A_HUMAN.H11MO.0.A,,TM7SF3,626,639,-,9.72727,9.78e-05,0.416,GAGGTCAAAATCCG
